"Name","VisualLevel","TID","InfoTID","Speed","Hitpoints","UpgradeTimeH","UpgradeResource","UpgradeCost","RequiredTownHallLevel","AttackRange","AltAttackRange","AttackSpeed","CoolDownOverride","DPS","PreferedTargetDamageMod","DamageRadius","IconSWF","IconExportName","BigPicture","BigPictureSWF","SmallPicture","SmallPictureSWF","Projectile","RageProjectile","PreferedTargetBuilding","DeployEffect","AttackEffect","AttackEffectAlt","HitEffect","HitEffectActive","IsFlying","AirTargets","GroundTargets","IsJumper","AttackCount","DieEffect","Animation","ActivationTime","ActiveDuration","AbilityAttackCount","AnimationActivated","MaxSearchRadiusForDefender","HousingSpace","HealerWeight","SpecialAbilityEffect","RegenerationTimeMinutes","TrainingTime","TrainingResource","TrainingCost","CelebrateEffect","SleepOffsetX","SleepOffsetY","PatrolRadius","AbilityTriggerEffect","AbilityAffectsHero","AbilityAffectsCharacter","AbilityRadius","AbilityTime","AbilityOnce","AbilityCooldown","AbilitySpeedBoost","AbilitySpeedBoost2","AbilityDamageBoostPercent","AbilitySummonTroop","AbilitySummonTroopCount","AbilityStealth","AbilityDamageBoostOffset","AbilityHealthIncrease","AbilityShieldProjectileSpeed","AbilityShieldProjectileDamageMod","AbilityTID","AbilityDescTID","AbilityIcon","AbilityBigPictureExportName","AbilityDelay","StrengthWeight","StrengthWeight2","AlertRadius","Scale","AuraSpell","AuraSpellLevel","AuraTID","AuraDescTID","AuraBigPictureExportName","AbilitySpell","AbilitySpellLevel","RetributionSpell","RetributionSpellLevel","RetributionSpellTriggerHealth","HasAltMode","AltModeFlying","AltModeAnimation","PreferedTargetBuildingClass","NoAttackOverWalls","TargetGroups","FightWithGroups","TargetGroupsRadius","TargetGroupsRange","TargetGroupsMinWeight","SmoothJump","WakeUpSpeed","WakeUpSpace","FriendlyGroupWeight","EnemyGroupWeight","AttackEffectShared","TargetedEffectOffset","TriggersTraps","VillageType","NoDefence","PreAttackEffect","AbilityAffectsSummonedUnits","DefaultSkin","AbilityProjectile","AbilityProjectileBounces","AbilityProjectileRange","AbilityProjectileCount","UseAutoHeroAbility","NewTargetAttackDelay","AbilityDamage","Gender","SpecialAbilities","SpecialAbilitiesLevel","AvoidNoiseInAttackPositionSelection","AbilityExtraPowerMaxLevel"
"String","int","String","String","int","int","int","String","int","int","int","int","int","int","int","int","int","String","String","String","String","String","String","String","String","String","String","String","String","String","String","boolean","boolean","boolean","boolean","int","String","String","int","int","int","String","int","int","int","String","int","int","String","int","String","int","int","int","String","boolean","String","int","int","boolean","int","int","int","int","String","int","boolean","int","int","int","int","String","String","String","String","int","int","int","int","int","String","int","String","String","String","String","int","String","int","int","boolean","boolean","String","String","boolean","boolean","boolean","int","int","int","boolean","int","int","int","int","String","int","boolean","int","boolean","String","boolean","String","String","int","int","int","boolean","int","int","String","String","String","boolean","int"
"Barbarian King",1,"TID_BARBARIAN_KING","TID_HERO_INSTRUCTIONS_BARBARIAN",200,1700,4,"DarkElixir",6000,7,100,,1200,,120,1,,"sc/ui.sc","icon_hero_barbarianKing","unit_barbarianKing_big","sc/info_barbarian.sc","unit_barbarianKing_small","sc/ui.sc",,,,"Hero Deploy",,,"Barbarian King Hit",,"FALSE","FALSE","TRUE","FALSE",,,,,,,,900,25,21,"Building Ready",10,,"Elixir",,"Barbarian King Scream",70,-40,300,,"TRUE",,,0,"TRUE",0,0,0,0,"Barbarian",0,,0,0,,,"TID_HERO_ABILITY_BARBARIAN_TITLE","TID_HERO_ABILITY_BARBARIAN_DESC","icon_hero_barbarianKing_ability1","unit_barbarianKing_ability_big",0,20,10,1200,,,,,,,,,,,,,,,,,,,,,,,,,2100,2500,,-50,"TRUE",,,,"TRUE","BarbarianKingDefault",,,,,"TRUE",,,"M",,,"TRUE",
,2,,,,1742,6,,7000,7,,,,,122,,,,,,,,,,,,,,,,,,,,,,,,,,,,,,,,10,,,,,,,,,,,,0,,,0,0,0,,0,,0,0,,,,,,,,20,10,,,,,,,,,,,,,,,,,,,,,,,,,,,,,,,,,,,,,,,,,,,,,,,
,3,,,,1786,8,,8000,7,,,,,124,,,,,,,,,,,,,,,,,,,,,,,,,,,,,,,,10,,,,,,,,,,,,0,,,0,0,0,,0,,0,0,,,,,,,,20,10,,,,,,,,,,,,,,,,,,,,,,,,,,,,,,,,,,,,,,,,,,,,,,,
,4,,,,1830,10,,10000,7,,,,,127,,,,,,,,,,,,,,,,,,,,,,,,,,,,,,,,10,,,,,,,,,,,,0,,,0,0,0,,0,,0,0,,,,,,,,20,10,,,,,,,,,,,,,,,,,,,,,,,,,,,,,,,,,,,,,,,,,,,,,,,
,5,,,,1876,12,,11000,7,,,,,129,,,,,,,,,,,,,,,,,,,,,,,,,,,,,,,,12,,,,,,,,,,,,10000,,,18,9,120,,6,,56,500,,,,,,,,21,11,,,,,,,,,,,,,,,,,,,,,,,,,,,,,,,,,,,,,,,,,,,,,,,
,6,,,,1923,14,,12000,8,,,,,132,,,,,,,,,,,,,,,,,,,,,,,,,,,,,,,,12,,,,,,,,,,,,10000,,,18,9,120,,6,,56,500,,,,,,,,21,11,,,,,,,,,,,,,,,,,,,,,,,,,,,,,,,,,,,,,,,,,,,,,,,
,7,,,,1971,16,,13000,8,,,,,135,,,,,,,,,,,,,,,,,,,,,,,,,,,,,,,,12,,,,,,,,,,,,10000,,,18,9,120,,6,,56,500,,,,,,,,21,11,,,,,,,,,,,,,,,,,,,,,,,,,,,,,,,,,,,,,,,,,,,,,,,
,8,,,,2020,18,,14000,8,,,,,137,,,,,,,,,,,,,,,,,,,,,,,,,,,,,,,,12,,,,,,,,,,,,10000,,,18,9,120,,6,,56,500,,,,,,,,21,11,,,,,,,,,,,,,,,,,,,,,,,,,,,,,,,,,,,,,,,,,,,,,,,
,9,,,,2071,20,,15000,8,,,,,140,,,,,,,,,,,,,,,,,,,,,,,,,,,,,,,,12,,,,,,,,,,,,10000,,,18,9,120,,6,,56,500,,,,,,,,21,11,,,,,,,,,,,,,,,,,,,,,,,,,,,,,,,,,,,,,,,,,,,,,,,
,10,,,,2123,22,,17000,8,,,,,143,,,,,,,,,,,,,,,,,,,,,,,,,,,,,,,,14,,,,,,,,,,,,10000,,,19,9,124,,8,,101,620,,,,,,,,22,12,,,,,,,,,,,,,,,,,,,,,,,,,,,,,,,,,,,,,,,,,,,,,,,
,11,,,,2176,24,,19000,9,,,,,146,,,,,,,,,,,,,,,,,,,,,,,,,,,,,,,,14,,,,,,,,,,,,10000,,,19,9,124,,8,,101,620,,,,,,,,22,12,,,,,,,,,,,,,,,,,,,,,,,,,,,,,,,,,,,,,,,,,,,,,,,
,12,,,,2230,32,,21000,9,,,,,149,,,,,,,,,,,,,,,,,,,,,,,,,,,,,,,,14,,,,,,,,,,,,10000,,,19,9,124,,8,,101,620,,,,,,,,22,12,,,,,,,,,,,,,,,,,,,,,,,,,,,,,,,,,,,,,,,,,,,,,,,
,13,,,,2286,40,,23000,9,,,,,152,,,,,,,,,,,,,,,,,,,,,,,,,,,,,,,,14,,,,,,,,,,,,10000,,,19,9,124,,8,,101,620,,,,,,,,22,12,,,,,,,,,,,,,,,,,,,,,,,,,,,,,,,,,,,,,,,,,,,,,,,
,14,,,,2343,48,,25000,9,,,,,155,,,,,,,,,,,,,,,,,,,,,,,,,,,,,,,,14,,,,,,,,,,,,10000,,,19,9,124,,8,,101,620,,,,,,,,22,12,,,,,,,,,,,,,,,,,,,,,,,,,,,,,,,,,,,,,,,,,,,,,,,
,15,,,,2402,48,,27000,9,,,,,158,,,,,,,,,,,,,,,,,,,,,,,,,,,,,,,,16,,,,,,,,,,,,10000,,,20,10,128,,10,,147,752,,,,,,,,23,13,,,,,,,,,,,,,,,,,,,,,,,,,,,,,,,,,,,,,,,,,,,,,,,
,16,,,,2462,48,,29000,9,,,,,161,,,,,,,,,,,,,,,,,,,,,,,,,,,,,,,,16,,,,,,,,,,,,10000,,,20,10,128,,10,,147,752,,,,,,,,23,13,,,,,,,,,,,,,,,,,,,,,,,,,,,,,,,,,,,,,,,,,,,,,,,
,17,,,,2523,48,,31000,9,,,,,164,,,,,,,,,,,,,,,,,,,,,,,,,,,,,,,,16,,,,,,,,,,,,10000,,,20,10,128,,10,,147,752,,,,,,,,23,13,,,,,,,,,,,,,,,,,,,,,,,,,,,,,,,,,,,,,,,,,,,,,,,
,18,,,,2586,48,,33000,9,,,,,168,,,,,,,,,,,,,,,,,,,,,,,,,,,,,,,,16,,,,,,,,,,,,10000,,,20,10,128,,10,,147,752,,,,,,,,23,13,,,,,,,,,,,,,,,,,,,,,,,,,,,,,,,,,,,,,,,,,,,,,,,
,19,,,,2651,60,,35000,9,,,,,171,,,,,,,,,,,,,,,,,,,,,,,,,,,,,,,,16,,,,,,,,,,,,10000,,,20,10,128,,10,,147,752,,,,,,,,23,13,,,,,,,,,,,,,,,,,,,,,,,,,,,,,,,,,,,,,,,,,,,,,,,
,20,,,,2717,60,,37000,9,,,,,174,,,,,,,,,,,,,,,,,,,,,,,,,,,,,,,,18,,,,,,,,,,,,10000,,,21,10,132,,12,,195,899,,,,,,,,24,14,,,,,,,,,,,,,,,,,,,,,,,,,,,,,,,,,,,,,,,,,,,,,,,
,21,,,,2785,60,,39000,9,,,,,178,,,,,,,,,,,,,,,,,,,,,,,,,,,,,,,,18,,,,,,,,,,,,10000,,,21,10,132,,12,,195,899,,,,,,,,24,14,,,,,,,,,,,,,,,,,,,,,,,,,,,,,,,,,,,,,,,,,,,,,,,
,22,,,,2855,60,,41000,9,,,,,181,,,,,,,,,,,,,,,,,,,,,,,,,,,,,,,,18,,,,,,,,,,,,10000,,,21,10,132,,12,,195,899,,,,,,,,24,14,,,,,,,,,,,,,,,,,,,,,,,,,,,,,,,,,,,,,,,,,,,,,,,
,23,,,,2926,60,,43000,9,,,,,185,,,,,,,,,,,,,,,,,,,,,,,,,,,,,,,,18,,,,,,,,,,,,10000,,,21,10,132,,12,,195,899,,,,,,,,24,14,,,,,,,,,,,,,,,,,,,,,,,,,,,,,,,,,,,,,,,,,,,,,,,
,24,,,,2999,72,,45000,9,,,,,189,,,,,,,,,,,,,,,,,,,,,,,,,,,,,,,,18,,,,,,,,,,,,10000,,,21,10,132,,12,,195,899,,,,,,,,24,14,,,,,,,,,,,,,,,,,,,,,,,,,,,,,,,,,,,,,,,,,,,,,,,
,25,,,,3074,72,,47000,9,,,,,193,,,,,,,,,,,,,,,,,,,,,,,,,,,,,,,,20,,,,,,,,,,,,10000,,,22,11,136,,14,,245,1063,,,,,,,,25,15,,,,,,,,,,,,,,,,,,,,,,,,,,,,,,,,,,,,,,,,,,,,,,,
,26,,,,3151,72,,49000,9,,,,,196,,,,,,,,,,,,,,,,,,,,,,,,,,,,,,,,20,,,,,,,,,,,,10000,,,22,11,136,,14,,245,1063,,,,,,,,25,15,,,,,,,,,,,,,,,,,,,,,,,,,,,,,,,,,,,,,,,,,,,,,,,
,27,,,,3230,72,,51000,9,,,,,200,,,,,,,,,,,,,,,,,,,,,,,,,,,,,,,,20,,,,,,,,,,,,10000,,,22,11,136,,14,,245,1063,,,,,,,,25,15,,,,,,,,,,,,,,,,,,,,,,,,,,,,,,,,,,,,,,,,,,,,,,,
,28,,,,3311,72,,53000,9,,,,,204,,,,,,,,,,,,,,,,,,,,,,,,,,,,,,,,20,,,,,,,,,,,,10000,,,22,11,136,,14,,245,1063,,,,,,,,25,15,,,,,,,,,,,,,,,,,,,,,,,,,,,,,,,,,,,,,,,,,,,,,,,
,29,,,,3394,96,,55000,9,,,,,208,,,,,,,,,,,,,,,,,,,,,,,,,,,,,,,,20,,,,,,,,,,,,10000,,,22,11,136,,14,,245,1063,,,,,,,,25,15,,,,,,,,,,,,,,,,,,,,,,,,,,,,,,,,,,,,,,,,,,,,,,,
,30,,,,3478,96,,57000,9,,,,,213,,,,,,,,,,,,,,,,,,,,,,,,,,,,,,,,22,,,,,,,,,,,,10000,,,23,11,140,,16,,298,1247,,,,,,,,26,16,,,,,,,,,,,,,,,,,,,,,,,,,,,,,,,,,,,,,,,,,,,,,,,
,31,,,,3565,96,,59000,10,,,,,217,,,,,,,,,,,,,,,,,,,,,,,,,,,,,,,,22,,,,,,,,,,,,10000,,,23,11,140,,16,,298,1247,,,,,,,,26,16,,,,,,,,,,,,,,,,,,,,,,,,,,,,,,,,,,,,,,,,,,,,,,,
,32,,,,3655,96,,60000,10,,,,,221,,,,,,,,,,,,,,,,,,,,,,,,,,,,,,,,22,,,,,,,,,,,,10000,,,23,11,140,,16,,298,1247,,,,,,,,26,16,,,,,,,,,,,,,,,,,,,,,,,,,,,,,,,,,,,,,,,,,,,,,,,
,33,,,,3746,96,,62000,10,,,,,226,,,,,,,,,,,,,,,,,,,,,,,,,,,,,,,,22,,,,,,,,,,,,10000,,,23,11,140,,16,,298,1247,,,,,,,,26,16,,,,,,,,,,,,,,,,,,,,,,,,,,,,,,,,,,,,,,,,,,,,,,,
,34,,,,3840,114,,64000,10,,,,,230,,,,,,,,,,,,,,,,,,,,,,,,,,,,,,,,22,,,,,,,,,,,,10000,,,23,11,140,,16,,298,1247,,,,,,,,26,16,,,,,,,,,,,,,,,,,,,,,,,,,,,,,,,,,,,,,,,,,,,,,,,
,35,,,,3936,114,,66000,10,,,,,235,,,,,,,,,,,,,,,,,,,,,,,,,,,,,,,,24,,,,,,,,,,,,10000,,,24,12,144,,18,,354,1455,,,,,,,,27,17,,,,,,,,,,,,,,,,,,,,,,,,,,,,,,,,,,,,,,,,,,,,,,,
,36,,,,4034,114,,68000,10,,,,,239,,,,,,,,,,,,,,,,,,,,,,,,,,,,,,,,24,,,,,,,,,,,,10000,,,24,12,144,,18,,354,1455,,,,,,,,27,17,,,,,,,,,,,,,,,,,,,,,,,,,,,,,,,,,,,,,,,,,,,,,,,
,37,,,,4135,114,,70000,10,,,,,244,,,,,,,,,,,,,,,,,,,,,,,,,,,,,,,,24,,,,,,,,,,,,10000,,,24,12,144,,18,,354,1455,,,,,,,,27,17,,,,,,,,,,,,,,,,,,,,,,,,,,,,,,,,,,,,,,,,,,,,,,,
,38,,,,4238,114,,73000,10,,,,,249,,,,,,,,,,,,,,,,,,,,,,,,,,,,,,,,24,,,,,,,,,,,,10000,,,24,12,144,,18,,354,1455,,,,,,,,27,17,,,,,,,,,,,,,,,,,,,,,,,,,,,,,,,,,,,,,,,,,,,,,,,
,39,,,,4344,132,,76000,10,,,,,254,,,,,,,,,,,,,,,,,,,,,,,,,,,,,,,,24,,,,,,,,,,,,10000,,,24,12,144,,18,,354,1455,,,,,,,,27,17,,,,,,,,,,,,,,,,,,,,,,,,,,,,,,,,,,,,,,,,,,,,,,,
,40,,,,4453,132,,80000,10,,,,,259,,,,,,,,,,,,,,,,,,,,,,,,,,,,,,,,26,,,,,,,,,,,,10000,,,25,12,150,,20,,414,1692,,,,,,,,28,18,,,,,,,,,,,,,,,,,,,,,,,,,,,,,,,,,,,,,,,,,,,,,,,
,41,,,,4564,132,,85000,11,,,,,275,,,,,,,,,,,,,,,,,,,,,,,,,,,,,,,,26,,,,,,,,,,,,10000,,,25,12,150,,20,,414,1692,,,,,,,,28,18,,,,,,,,,,,,,,,,,,,,,,,,,,,,,,,,,,,,,,,,,,,,,,,
,42,,,,4678,132,,89000,11,,,,,281,,,,,,,,,,,,,,,,,,,,,,,,,,,,,,,,26,,,,,,,,,,,,10000,,,25,12,150,,20,,414,1692,,,,,,,,28,18,,,,,,,,,,,,,,,,,,,,,,,,,,,,,,,,,,,,,,,,,,,,,,,
,43,,,,4795,132,,94000,11,,,,,287,,,,,,,,,,,,,,,,,,,,,,,,,,,,,,,,26,,,,,,,,,,,,10000,,,25,12,150,,20,,414,1692,,,,,,,,28,18,,,,,,,,,,,,,,,,,,,,,,,,,,,,,,,,,,,,,,,,,,,,,,,
,44,,,,4915,138,,98000,11,,,,,293,,,,,,,,,,,,,,,,,,,,,,,,,,,,,,,,26,,,,,,,,,,,,10000,,,25,12,150,,20,,414,1692,,,,,,,,28,18,,,,,,,,,,,,,,,,,,,,,,,,,,,,,,,,,,,,,,,,,,,,,,,
,45,,,,5038,138,,103000,11,,,,,299,,,,,,,,,,,,,,,,,,,,,,,,,,,,,,,,28,,,,,,,,,,,,10000,,,26,13,155,,22,,478,1963,,,,,,,,29,19,,,,,,,,,,,,,,,,,,,,,,,,,,,,,,,,,,,,,,,,,,,,,,,
,46,,,,5164,138,,109000,11,,,,,305,,,,,,,,,,,,,,,,,,,,,,,,,,,,,,,,28,,,,,,,,,,,,10000,,,26,13,155,,22,,478,1963,,,,,,,,29,19,,,,,,,,,,,,,,,,,,,,,,,,,,,,,,,,,,,,,,,,,,,,,,,
,47,,,,5293,138,,114000,11,,,,,312,,,,,,,,,,,,,,,,,,,,,,,,,,,,,,,,28,,,,,,,,,,,,10000,,,26,13,155,,22,,478,1963,,,,,,,,29,19,,,,,,,,,,,,,,,,,,,,,,,,,,,,,,,,,,,,,,,,,,,,,,,
,48,,,,5425,138,,119000,11,,,,,318,,,,,,,,,,,,,,,,,,,,,,,,,,,,,,,,28,,,,,,,,,,,,10000,,,26,13,155,,22,,478,1963,,,,,,,,29,19,,,,,,,,,,,,,,,,,,,,,,,,,,,,,,,,,,,,,,,,,,,,,,,
,49,,,,5561,138,,125000,11,,,,,325,,,,,,,,,,,,,,,,,,,,,,,,,,,,,,,,28,,,,,,,,,,,,10000,,,26,13,155,,22,,478,1963,,,,,,,,29,19,,,,,,,,,,,,,,,,,,,,,,,,,,,,,,,,,,,,,,,,,,,,,,,
,50,,,,5700,150,,130000,11,,,,,332,,,,,,,,,,,,,,,,,,,,,,,,,,,,,,,,30,,,,,,,,,,,,10000,,,27,14,160,,24,,546,2263,,,,,,,,30,20,,,,,,,,,,,,,,,,,,,,,,,,,,,,,,,,,,,,,,,,,,,,,,,
,51,,,,5843,150,,135000,12,,,,,339,,,,,,,,,,,,,,,,,,,,,,,,,,,,,,,,30,,,,,,,,,,,,10000,,,27,14,160,,24,,546,2263,,,,,,,,30,20,,,,,,,,,,,,,,,,,,,,,,,,,,,,,,,,,,,,,,,,,,,,,,,
,52,,,,5990,150,,140000,12,,,,,346,,,,,,,,,,,,,,,,,,,,,,,,,,,,,,,,30,,,,,,,,,,,,10000,,,27,14,160,,24,,546,2263,,,,,,,,30,20,,,,,,,,,,,,,,,,,,,,,,,,,,,,,,,,,,,,,,,,,,,,,,,
,53,,,,6140,150,,146000,12,,,,,353,,,,,,,,,,,,,,,,,,,,,,,,,,,,,,,,30,,,,,,,,,,,,10000,,,27,14,160,,24,,546,2263,,,,,,,,30,20,,,,,,,,,,,,,,,,,,,,,,,,,,,,,,,,,,,,,,,,,,,,,,,
,54,,,,6294,150,,151000,12,,,,,361,,,,,,,,,,,,,,,,,,,,,,,,,,,,,,,,30,,,,,,,,,,,,10000,,,27,14,160,,24,,546,2263,,,,,,,,30,20,,,,,,,,,,,,,,,,,,,,,,,,,,,,,,,,,,,,,,,,,,,,,,,
,55,,,,6452,150,,158000,12,,,,,369,,,,,,,,,,,,,,,,,,,,,,,,,,,,,,,,32,,,,,,,,,,,,10000,,,28,15,165,,26,,618,2592,,,,,,,,31,21,,,,,,,,,,,,,,,,,,,,,,,,,,,,,,,,,,,,,,,,,,,,,,,
,56,,,,6614,150,,165000,12,,,,,377,,,,,,,,,,,,,,,,,,,,,,,,,,,,,,,,32,,,,,,,,,,,,10000,,,28,15,165,,26,,618,2592,,,,,,,,31,21,,,,,,,,,,,,,,,,,,,,,,,,,,,,,,,,,,,,,,,,,,,,,,,
,57,,,,6780,150,,172000,12,,,,,385,,,,,,,,,,,,,,,,,,,,,,,,,,,,,,,,32,,,,,,,,,,,,10000,,,28,15,165,,26,,618,2592,,,,,,,,31,21,,,,,,,,,,,,,,,,,,,,,,,,,,,,,,,,,,,,,,,,,,,,,,,
,58,,,,6950,150,,180000,12,,,,,393,,,,,,,,,,,,,,,,,,,,,,,,,,,,,,,,32,,,,,,,,,,,,10000,,,28,15,165,,26,,618,2592,,,,,,,,31,21,,,,,,,,,,,,,,,,,,,,,,,,,,,,,,,,,,,,,,,,,,,,,,,
,59,,,,7124,150,,187000,12,,,,,401,,,,,,,,,,,,,,,,,,,,,,,,,,,,,,,,32,,,,,,,,,,,,10000,,,28,15,165,,26,,618,2592,,,,,,,,31,21,,,,,,,,,,,,,,,,,,,,,,,,,,,,,,,,,,,,,,,,,,,,,,,
,60,,,,7303,150,,193000,12,,,,,410,,,,,,,,,,,,,,,,,,,,,,,,,,,,,,,,34,,,,,,,,,,,,10000,,,29,16,170,,28,,694,2980,,,,,,,,32,22,,,,,,,,,,,,,,,,,,,,,,,,,,,,,,,,,,,,,,,,,,,,,,,
,61,,,,7486,150,,200000,12,,,,,418,,,,,,,,,,,,,,,,,,,,,,,,,,,,,,,,34,,,,,,,,,,,,10000,,,29,16,170,,28,,694,2980,,,,,,,,32,22,,,,,,,,,,,,,,,,,,,,,,,,,,,,,,,,,,,,,,,,,,,,,,,
,62,,,,7673,150,,206000,12,,,,,426,,,,,,,,,,,,,,,,,,,,,,,,,,,,,,,,34,,,,,,,,,,,,10000,,,29,16,170,,28,,694,2980,,,,,,,,32,22,,,,,,,,,,,,,,,,,,,,,,,,,,,,,,,,,,,,,,,,,,,,,,,
,63,,,,7865,150,,211000,12,,,,,435,,,,,,,,,,,,,,,,,,,,,,,,,,,,,,,,34,,,,,,,,,,,,10000,,,29,16,170,,28,,694,2980,,,,,,,,32,22,,,,,,,,,,,,,,,,,,,,,,,,,,,,,,,,,,,,,,,,,,,,,,,
,64,,,,8062,150,,216000,12,,,,,444,,,,,,,,,,,,,,,,,,,,,,,,,,,,,,,,34,,,,,,,,,,,,10000,,,29,16,170,,28,,694,2980,,,,,,,,32,22,,,,,,,,,,,,,,,,,,,,,,,,,,,,,,,,,,,,,,,,,,,,,,,
,65,,,,8264,162,,225000,12,,,,,453,,,,,,,,,,,,,,,,,,,,,,,,,,,,,,,,36,,,,,,,,,,,,10000,,,30,17,175,,30,,770,3400,,,,,,,,33,22,,,,,,,,,,,,,,,,,,,,,,,,,,,,,,,,,,,,,,,,,,,,,,,
,66,,,,8470,162,,234000,13,,,,,462,,,,,,,,,,,,,,,,,,,,,,,,,,,,,,,,36,,,,,,,,,,,,10000,,,30,17,175,,30,,770,3400,,,,,,,,33,22,,,,,,,,,,,,,,,,,,,,,,,,,,,,,,,,,,,,,,,,,,,,,,,
,67,,,,8680,162,,243000,13,,,,,471,,,,,,,,,,,,,,,,,,,,,,,,,,,,,,,,36,,,,,,,,,,,,10000,,,30,17,175,,30,,770,3400,,,,,,,,33,22,,,,,,,,,,,,,,,,,,,,,,,,,,,,,,,,,,,,,,,,,,,,,,,
,68,,,,8890,162,,252000,13,,,,,480,,,,,,,,,,,,,,,,,,,,,,,,,,,,,,,,36,,,,,,,,,,,,10000,,,30,17,175,,30,,770,3400,,,,,,,,33,22,,,,,,,,,,,,,,,,,,,,,,,,,,,,,,,,,,,,,,,,,,,,,,,
,69,,,,9100,174,,261000,13,,,,,490,,,,,,,,,,,,,,,,,,,,,,,,,,,,,,,,36,,,,,,,,,,,,10000,,,30,17,175,,30,,770,3400,,,,,,,,33,22,,,,,,,,,,,,,,,,,,,,,,,,,,,,,,,,,,,,,,,,,,,,,,,
,70,,,,9300,174,,267000,13,,,,,500,,,,,,,,,,,,,,,,,,,,,,,,,,,,,,,,38,,,,,,,,,,,,10000,,,31,18,180,,32,,846,3850,,,,,,,,34,22,,,,,,,,,,,,,,,,,,,,,,,,,,,,,,,,,,,,,,,,,,,,,,,
,71,,,,9500,174,,270000,13,,,,,510,,,,,,,,,,,,,,,,,,,,,,,,,,,,,,,,38,,,,,,,,,,,,10000,,,31,18,180,,32,,846,3850,,,,,,,,34,22,,,,,,,,,,,,,,,,,,,,,,,,,,,,,,,,,,,,,,,,,,,,,,,
,72,,,,9700,174,,279000,13,,,,,520,,,,,,,,,,,,,,,,,,,,,,,,,,,,,,,,38,,,,,,,,,,,,10000,,,31,18,180,,32,,846,3850,,,,,,,,34,22,,,,,,,,,,,,,,,,,,,,,,,,,,,,,,,,,,,,,,,,,,,,,,,
,73,,,,9900,174,,284000,13,,,,,530,,,,,,,,,,,,,,,,,,,,,,,,,,,,,,,,38,,,,,,,,,,,,10000,,,31,18,180,,32,,846,3850,,,,,,,,34,22,,,,,,,,,,,,,,,,,,,,,,,,,,,,,,,,,,,,,,,,,,,,,,,
,74,,,,10100,174,,289000,13,,,,,540,,,,,,,,,,,,,,,,,,,,,,,,,,,,,,,,38,,,,,,,,,,,,10000,,,31,18,180,,32,,846,3850,,,,,,,,34,22,,,,,,,,,,,,,,,,,,,,,,,,,,,,,,,,,,,,,,,,,,,,,,,
,75,,,,10300,192,,300000,13,,,,,550,,,,,,,,,,,,,,,,,,,,,,,,,,,,,,,,40,,,,,,,,,,,,10000,,,32,19,185,,34,,922,4300,,,,,,,,35,23,,,,,,,,,,,,,,,,,,,,,,,,,,,,,,,,,,,,,,,,,,,,,,,
,76,,,,10490,192,,305000,14,,,,,559,,,,,,,,,,,,,,,,,,,,,,,,,,,,,,,,40,,,,,,,,,,,,10000,,,32,19,185,,34,,922,4300,,,,,,,,35,23,,,,,,,,,,,,,,,,,,,,,,,,,,,,,,,,,,,,,,,,,,,,,,,
,77,,,,10680,192,,310000,14,,,,,568,,,,,,,,,,,,,,,,,,,,,,,,,,,,,,,,40,,,,,,,,,,,,10000,,,32,19,185,,34,,922,4300,,,,,,,,35,23,,,,,,,,,,,,,,,,,,,,,,,,,,,,,,,,,,,,,,,,,,,,,,,
,78,,,,10870,192,,315000,14,,,,,577,,,,,,,,,,,,,,,,,,,,,,,,,,,,,,,,40,,,,,,,,,,,,10000,,,32,19,185,,34,,922,4300,,,,,,,,35,23,,,,,,,,,,,,,,,,,,,,,,,,,,,,,,,,,,,,,,,,,,,,,,,
,79,,,,11060,192,,320000,14,,,,,586,,,,,,,,,,,,,,,,,,,,,,,,,,,,,,,,40,,,,,,,,,,,,10000,,,32,19,185,,34,,922,4300,,,,,,,,35,23,,,,,,,,,,,,,,,,,,,,,,,,,,,,,,,,,,,,,,,,,,,,,,,
,80,,,,11250,192,,330000,14,,,,,595,,,,,,,,,,,,,,,,,,,,,,,,,,,,,,,,42,,,,,,,,,,,,10000,,,33,20,190,,36,,990,4700,,,,,,,,36,23,,,,,,,,,,,,,,,,,,,,,,,,,,,,,,,,,,,,,,,,,,,,,,,
,81,,,,11400,192,,335000,15,,,,,603,,,,,,,,,,,,,,,,,,,,,,,,,,,,,,,,42,,,,,,,,,,,,10000,,,33,20,190,,36,,990,4700,,,,,,,,36,23,,,,,,,,,,,,,,,,,,,,,,,,,,,,,,,,,,,,,,,,,,,,,,,
,82,,,,11550,192,,340000,15,,,,,611,,,,,,,,,,,,,,,,,,,,,,,,,,,,,,,,42,,,,,,,,,,,,10000,,,33,20,190,,36,,990,4700,,,,,,,,36,23,,,,,,,,,,,,,,,,,,,,,,,,,,,,,,,,,,,,,,,,,,,,,,,
,83,,,,11700,192,,345000,15,,,,,619,,,,,,,,,,,,,,,,,,,,,,,,,,,,,,,,42,,,,,,,,,,,,10000,,,33,20,190,,36,,990,4700,,,,,,,,36,23,,,,,,,,,,,,,,,,,,,,,,,,,,,,,,,,,,,,,,,,,,,,,,,
,84,,,,11850,192,,350000,15,,,,,627,,,,,,,,,,,,,,,,,,,,,,,,,,,,,,,,42,,,,,,,,,,,,10000,,,33,20,190,,36,,990,4700,,,,,,,,36,23,,,,,,,,,,,,,,,,,,,,,,,,,,,,,,,,,,,,,,,,,,,,,,,
,85,,,,12000,192,,352000,15,,,,,635,,,,,,,,,,,,,,,,,,,,,,,,,,,,,,,,44,,,,,,,,,,,,10000,,,34,21,195,,38,,1050,5000,,,,,,,,37,23,,,,,,,,,,,,,,,,,,,,,,,,,,,,,,,,,,,,,,,,,,,,,,,
,86,,,,12150,192,,354000,15,,,,,643,,,,,,,,,,,,,,,,,,,,,,,,,,,,,,,,44,,,,,,,,,,,,10000,,,34,21,195,,38,,1050,5000,,,,,,,,37,23,,,,,,,,,,,,,,,,,,,,,,,,,,,,,,,,,,,,,,,,,,,,,,,
,87,,,,12300,192,,356000,15,,,,,651,,,,,,,,,,,,,,,,,,,,,,,,,,,,,,,,44,,,,,,,,,,,,10000,,,34,21,195,,38,,1050,5000,,,,,,,,37,23,,,,,,,,,,,,,,,,,,,,,,,,,,,,,,,,,,,,,,,,,,,,,,,
,88,,,,12450,192,,358000,15,,,,,659,,,,,,,,,,,,,,,,,,,,,,,,,,,,,,,,44,,,,,,,,,,,,10000,,,34,21,195,,38,,1050,5000,,,,,,,,37,23,,,,,,,,,,,,,,,,,,,,,,,,,,,,,,,,,,,,,,,,,,,,,,,
,89,,,,12600,192,,360000,15,,,,,667,,,,,,,,,,,,,,,,,,,,,,,,,,,,,,,,44,,,,,,,,,,,,10000,,,34,21,195,,38,,1050,5000,,,,,,,,37,23,,,,,,,,,,,,,,,,,,,,,,,,,,,,,,,,,,,,,,,,,,,,,,,
,90,,,,12750,,,,15,,,,,675,,,,,,,,,,,,,,,,,,,,,,,,,,,,,,,,46,,,,,,,,,,,,10000,,,35,22,200,,40,,1100,5300,,,,,,,,38,23,,,,,,,,,,,,,,,,,,,,,,,,,,,,,,,,,,,,,,,,,,,,,,,
"Archer Queen",1,"TID_ARCHER_QUEEN","TID_HERO_INSTRUCTIONS_QUEEN",300,725,4,"DarkElixir",11000,9,500,,750,,160,1,,"sc/ui.sc","icon_hero_archerQueen","unit_archerQueen_big","sc/info_archer.sc","unit_archerQueen_small","sc/ui.sc","ArcherQueen arrow lvl1","ArcherQueen arrow rage",,"Hero Deploy",,,"Archer Queen Hit",,"FALSE","TRUE","TRUE","FALSE",,,,,,,,1000,25,25,"Building Ready",10,,"Elixir",,"Archer Queen Scream",70,-50,300,,"TRUE",,2500,0,"TRUE",0,,,,"Archer",0,"TRUE",0,0,,,"TID_HERO_ABILITY_QUEEN_TITLE","TID_HERO_ABILITY_QUEEN_DESC","icon_hero_archerQueen_ability1","unit_archerQueen_ability1_big",0,50,28,1300,,,,,,,,,,,,,,,,,,,,,,,,,2100,500,,-50,"TRUE",,,,,"ArcherQueenDefault",,,,,"TRUE",,,"F",,,"TRUE",
,2,,,,740,6,,12000,9,,,,,164,,,,,,,,,"ArcherQueen arrow lvl1","ArcherQueen arrow rage",,,,,,,,,,,,,,,,,,,,,,10,,,,,,,,,,,,0,,,,,,,0,,0,0,,,,,,,,50,28,,,,,,,,,,,,,,,,,,,,,,,,,,,,,,,,,,,,,,,,,,,,,,,
,3,,,,755,8,,13000,9,,,,,168,,,,,,,,,"ArcherQueen arrow lvl1","ArcherQueen arrow rage",,,,,,,,,,,,,,,,,,,,,,10,,,,,,,,,,,,0,,,,,,,0,,0,0,,,,,,,,50,28,,,,,,,,,,,,,,,,,,,,,,,,,,,,,,,,,,,,,,,,,,,,,,,
,4,,,,771,10,,15000,9,,,,,172,,,,,,,,,"ArcherQueen arrow lvl1","ArcherQueen arrow rage",,,,,,,,,,,,,,,,,,,,,,10,,,,,,,,,,,,0,,,,,,,0,,0,0,,,,,,,,50,28,,,,,,,,,,,,,,,,,,,,,,,,,,,,,,,,,,,,,,,,,,,,,,,
,5,,,,787,12,,16000,9,,,,,176,,,,,,,,,"ArcherQueen arrow lvl1","ArcherQueen arrow rage",,,,,,,,,,,,,,,,,,,,,,12,,,,,,,,,,,,3600,,,,,,,5,,300,150,,,,,,,,51,29,,,,,,,,,,,,,,,,,,,,,,,,,,,,,,,,,,,,,,,,,,,,,,,
,6,,,,804,14,,17000,9,,,,,181,,,,,,,,,"ArcherQueen arrow lvl1","ArcherQueen arrow rage",,,,,,,,,,,,,,,,,,,,,,12,,,,,,,,,,,,3600,,,,,,,5,,300,150,,,,,,,,51,29,,,,,,,,,,,,,,,,,,,,,,,,,,,,,,,,,,,,,,,,,,,,,,,
,7,,,,821,16,,18000,9,,,,,185,,,,,,,,,"ArcherQueen arrow lvl1","ArcherQueen arrow rage",,,,,,,,,,,,,,,,,,,,,,12,,,,,,,,,,,,3600,,,,,,,5,,300,150,,,,,,,,51,29,,,,,,,,,,,,,,,,,,,,,,,,,,,,,,,,,,,,,,,,,,,,,,,
,8,,,,838,18,,19000,9,,,,,190,,,,,,,,,"ArcherQueen arrow lvl1","ArcherQueen arrow rage",,,,,,,,,,,,,,,,,,,,,,12,,,,,,,,,,,,3600,,,,,,,5,,300,150,,,,,,,,51,29,,,,,,,,,,,,,,,,,,,,,,,,,,,,,,,,,,,,,,,,,,,,,,,
,9,,,,856,20,,20000,9,,,,,194,,,,,,,,,"ArcherQueen arrow lvl1","ArcherQueen arrow rage",,,,,,,,,,,,,,,,,,,,,,12,,,,,,,,,,,,3600,,,,,,,5,,300,150,,,,,,,,51,29,,,,,,,,,,,,,,,,,,,,,,,,,,,,,,,,,,,,,,,,,,,,,,,
,10,,,,874,22,,22000,9,,,,,199,,,,,,,,,"ArcherQueen arrow lvl1","ArcherQueen arrow rage",,,,,,,,,,,,,,,,,,,,,,14,,,,,,,,,,,,3800,,,,,,,6,,355,175,,,,,,,,52,30,,,,,,,,,,,,,,,,,,,,,,,,,,,,,,,,,,,,,,,,,,,,,,,
,11,,,,892,24,,24000,9,,,,,204,,,,,,,,,"ArcherQueen arrow lvl1","ArcherQueen arrow rage",,,,,,,,,,,,,,,,,,,,,,14,,,,,,,,,,,,3800,,,,,,,6,,355,175,,,,,,,,52,30,,,,,,,,,,,,,,,,,,,,,,,,,,,,,,,,,,,,,,,,,,,,,,,
,12,,,,911,32,,26000,9,,,,,209,,,,,,,,,"ArcherQueen arrow lvl1","ArcherQueen arrow rage",,,,,,,,,,,,,,,,,,,,,,14,,,,,,,,,,,,3800,,,,,,,6,,355,175,,,,,,,,52,30,,,,,,,,,,,,,,,,,,,,,,,,,,,,,,,,,,,,,,,,,,,,,,,
,13,,,,930,40,,28000,9,,,,,215,,,,,,,,,"ArcherQueen arrow lvl1","ArcherQueen arrow rage",,,,,,,,,,,,,,,,,,,,,,14,,,,,,,,,,,,3800,,,,,,,6,,355,175,,,,,,,,52,30,,,,,,,,,,,,,,,,,,,,,,,,,,,,,,,,,,,,,,,,,,,,,,,
,14,,,,949,48,,30000,9,,,,,220,,,,,,,,,"ArcherQueen arrow lvl1","ArcherQueen arrow rage",,,,,,,,,,,,,,,,,,,,,,14,,,,,,,,,,,,3800,,,,,,,6,,355,175,,,,,,,,52,30,,,,,,,,,,,,,,,,,,,,,,,,,,,,,,,,,,,,,,,,,,,,,,,
,15,,,,969,48,,32000,9,,,,,226,,,,,,,,,"ArcherQueen arrow lvl1","ArcherQueen arrow rage",,,,,,,,,,,,,,,,,,,,,,16,,,,,,,,,,,,4000,,,,,,,7,,416,200,,,,,,,,53,31,,,,,,,,,,,,,,,,,,,,,,,,,,,,,,,,,,,,,,,,,,,,,,,
,16,,,,990,48,,34000,9,,,,,231,,,,,,,,,"ArcherQueen arrow lvl1","ArcherQueen arrow rage",,,,,,,,,,,,,,,,,,,,,,16,,,,,,,,,,,,4000,,,,,,,7,,416,200,,,,,,,,53,31,,,,,,,,,,,,,,,,,,,,,,,,,,,,,,,,,,,,,,,,,,,,,,,
,17,,,,1010,48,,36000,9,,,,,237,,,,,,,,,"ArcherQueen arrow lvl1","ArcherQueen arrow rage",,,,,,,,,,,,,,,,,,,,,,16,,,,,,,,,,,,4000,,,,,,,7,,416,200,,,,,,,,53,31,,,,,,,,,,,,,,,,,,,,,,,,,,,,,,,,,,,,,,,,,,,,,,,
,18,,,,1032,48,,38000,9,,,,,243,,,,,,,,,"ArcherQueen arrow lvl1","ArcherQueen arrow rage",,,,,,,,,,,,,,,,,,,,,,16,,,,,,,,,,,,4000,,,,,,,7,,416,200,,,,,,,,53,31,,,,,,,,,,,,,,,,,,,,,,,,,,,,,,,,,,,,,,,,,,,,,,,
,19,,,,1053,60,,40000,9,,,,,249,,,,,,,,,"ArcherQueen arrow lvl1","ArcherQueen arrow rage",,,,,,,,,,,,,,,,,,,,,,16,,,,,,,,,,,,4000,,,,,,,7,,416,200,,,,,,,,53,31,,,,,,,,,,,,,,,,,,,,,,,,,,,,,,,,,,,,,,,,,,,,,,,
,20,,,,1076,60,,42000,9,,,,,255,,,,,,,,,"ArcherQueen arrow lvl2","ArcherQueen arrow rage",,,,,,,,,,,,,,,,,,,,,,18,,,,,,,,,,,,4200,,,,,,,8,,483,225,,,,,,,,54,32,,,,,,,,,,,,,,,,,,,,,,,,,,,,,,,,,,,,,,,,,,,,,,,
,21,,,,1098,60,,44000,9,,,,,262,,,,,,,,,"ArcherQueen arrow lvl2","ArcherQueen arrow rage",,,,,,,,,,,,,,,,,,,,,,18,,,,,,,,,,,,4200,,,,,,,8,,483,225,,,,,,,,54,32,,,,,,,,,,,,,,,,,,,,,,,,,,,,,,,,,,,,,,,,,,,,,,,
,22,,,,1121,60,,46000,9,,,,,268,,,,,,,,,"ArcherQueen arrow lvl2","ArcherQueen arrow rage",,,,,,,,,,,,,,,,,,,,,,18,,,,,,,,,,,,4200,,,,,,,8,,483,225,,,,,,,,54,32,,,,,,,,,,,,,,,,,,,,,,,,,,,,,,,,,,,,,,,,,,,,,,,
,23,,,,1145,60,,48000,9,,,,,275,,,,,,,,,"ArcherQueen arrow lvl2","ArcherQueen arrow rage",,,,,,,,,,,,,,,,,,,,,,18,,,,,,,,,,,,4200,,,,,,,8,,483,225,,,,,,,,54,32,,,,,,,,,,,,,,,,,,,,,,,,,,,,,,,,,,,,,,,,,,,,,,,
,24,,,,1169,72,,50000,9,,,,,282,,,,,,,,,"ArcherQueen arrow lvl2","ArcherQueen arrow rage",,,,,,,,,,,,,,,,,,,,,,18,,,,,,,,,,,,4200,,,,,,,8,,483,225,,,,,,,,54,32,,,,,,,,,,,,,,,,,,,,,,,,,,,,,,,,,,,,,,,,,,,,,,,
,25,,,,1193,72,,52000,9,,,,,289,,,,,,,,,"ArcherQueen arrow lvl2","ArcherQueen arrow rage",,,,,,,,,,,,,,,,,,,,,,20,,,,,,,,,,,,4400,,,,,,,9,,557,250,,,,,,,,55,33,,,,,,,,,,,,,,,,,,,,,,,,,,,,,,,,,,,,,,,,,,,,,,,
,26,,,,1218,72,,54000,9,,,,,296,,,,,,,,,"ArcherQueen arrow lvl2","ArcherQueen arrow rage",,,,,,,,,,,,,,,,,,,,,,20,,,,,,,,,,,,4400,,,,,,,9,,557,250,,,,,,,,55,33,,,,,,,,,,,,,,,,,,,,,,,,,,,,,,,,,,,,,,,,,,,,,,,
,27,,,,1244,72,,56000,9,,,,,304,,,,,,,,,"ArcherQueen arrow lvl2","ArcherQueen arrow rage",,,,,,,,,,,,,,,,,,,,,,20,,,,,,,,,,,,4400,,,,,,,9,,557,250,,,,,,,,55,33,,,,,,,,,,,,,,,,,,,,,,,,,,,,,,,,,,,,,,,,,,,,,,,
,28,,,,1270,72,,58000,9,,,,,311,,,,,,,,,"ArcherQueen arrow lvl2","ArcherQueen arrow rage",,,,,,,,,,,,,,,,,,,,,,20,,,,,,,,,,,,4400,,,,,,,9,,557,250,,,,,,,,55,33,,,,,,,,,,,,,,,,,,,,,,,,,,,,,,,,,,,,,,,,,,,,,,,
,29,,,,1297,96,,60000,9,,,,,319,,,,,,,,,"ArcherQueen arrow lvl2","ArcherQueen arrow rage",,,,,,,,,,,,,,,,,,,,,,20,,,,,,,,,,,,4400,,,,,,,9,,557,250,,,,,,,,55,33,,,,,,,,,,,,,,,,,,,,,,,,,,,,,,,,,,,,,,,,,,,,,,,
,30,,,,1324,96,,63000,9,,,,,327,,,,,,,,,"ArcherQueen arrow lvl2","ArcherQueen arrow rage",,,,,,,,,,,,,,,,,,,,,,22,,,,,,,,,,,,4600,,,,,,,10,,638,275,,,,,,,,56,34,,,,,,,,,,,,,,,,,,,,,,,,,,,,,,,,,,,,,,,,,,,,,,,
,31,,,,1352,96,,65000,10,,,,,335,,,,,,,,,"ArcherQueen arrow lvl2","ArcherQueen arrow rage",,,,,,,,,,,,,,,,,,,,,,22,,,,,,,,,,,,4600,,,,,,,10,,638,275,,,,,,,,56,34,,,,,,,,,,,,,,,,,,,,,,,,,,,,,,,,,,,,,,,,,,,,,,,
,32,,,,1380,96,,67000,10,,,,,344,,,,,,,,,"ArcherQueen arrow lvl2","ArcherQueen arrow rage",,,,,,,,,,,,,,,,,,,,,,22,,,,,,,,,,,,4600,,,,,,,10,,638,275,,,,,,,,56,34,,,,,,,,,,,,,,,,,,,,,,,,,,,,,,,,,,,,,,,,,,,,,,,
,33,,,,1409,96,,69000,10,,,,,352,,,,,,,,,"ArcherQueen arrow lvl2","ArcherQueen arrow rage",,,,,,,,,,,,,,,,,,,,,,22,,,,,,,,,,,,4600,,,,,,,10,,638,275,,,,,,,,56,34,,,,,,,,,,,,,,,,,,,,,,,,,,,,,,,,,,,,,,,,,,,,,,,
,34,,,,1439,114,,72000,10,,,,,361,,,,,,,,,"ArcherQueen arrow lvl2","ArcherQueen arrow rage",,,,,,,,,,,,,,,,,,,,,,22,,,,,,,,,,,,4600,,,,,,,10,,638,275,,,,,,,,56,34,,,,,,,,,,,,,,,,,,,,,,,,,,,,,,,,,,,,,,,,,,,,,,,
,35,,,,1469,114,,74000,10,,,,,370,,,,,,,,,"ArcherQueen arrow lvl2","ArcherQueen arrow rage",,,,,,,,,,,,,,,,,,,,,,24,,,,,,,,,,,,4800,,,,,,,11,,725,300,,,,,,,,57,35,,,,,,,,,,,,,,,,,,,,,,,,,,,,,,,,,,,,,,,,,,,,,,,
,36,,,,1500,114,,77000,10,,,,,379,,,,,,,,,"ArcherQueen arrow lvl2","ArcherQueen arrow rage",,,,,,,,,,,,,,,,,,,,,,24,,,,,,,,,,,,4800,,,,,,,11,,725,300,,,,,,,,57,35,,,,,,,,,,,,,,,,,,,,,,,,,,,,,,,,,,,,,,,,,,,,,,,
,37,,,,1532,114,,79000,10,,,,,389,,,,,,,,,"ArcherQueen arrow lvl2","ArcherQueen arrow rage",,,,,,,,,,,,,,,,,,,,,,24,,,,,,,,,,,,4800,,,,,,,11,,725,300,,,,,,,,57,35,,,,,,,,,,,,,,,,,,,,,,,,,,,,,,,,,,,,,,,,,,,,,,,
,38,,,,1564,114,,82000,10,,,,,398,,,,,,,,,"ArcherQueen arrow lvl2","ArcherQueen arrow rage",,,,,,,,,,,,,,,,,,,,,,24,,,,,,,,,,,,4800,,,,,,,11,,725,300,,,,,,,,57,35,,,,,,,,,,,,,,,,,,,,,,,,,,,,,,,,,,,,,,,,,,,,,,,
,39,,,,1597,132,,84000,10,,,,,408,,,,,,,,,"ArcherQueen arrow lvl2","ArcherQueen arrow rage",,,,,,,,,,,,,,,,,,,,,,24,,,,,,,,,,,,4800,,,,,,,11,,725,300,,,,,,,,57,35,,,,,,,,,,,,,,,,,,,,,,,,,,,,,,,,,,,,,,,,,,,,,,,
,40,,,,1630,132,,89000,10,,,,,419,,,,,,,,,"ArcherQueen arrow lvl2","ArcherQueen arrow rage",,,,,,,,,,,,,,,,,,,,,,26,,,,,,,,,,,,5000,,,,,,,12,,819,325,,,,,,,,58,36,,,,,,,,,,,,,,,,,,,,,,,,,,,,,,,,,,,,,,,,,,,,,,,
,41,,,,1664,132,,93000,11,,,,,429,,,,,,,,,"ArcherQueen arrow lvl3","ArcherQueen arrow rage2",,,,,,,,,,,,,,,,,,,,,,26,,,,,,,,,,,,5000,,,,,,,12,,819,325,,,,,,,,58,36,,,,,,,,,,,,,,,,,,,,,,,,,,,,,,,,,,,,,,,,,,,,,,,
,42,,,,1699,132,,97000,11,,,,,440,,,,,,,,,"ArcherQueen arrow lvl3","ArcherQueen arrow rage2",,,,,,,,,,,,,,,,,,,,,,26,,,,,,,,,,,,5000,,,,,,,12,,819,325,,,,,,,,58,36,,,,,,,,,,,,,,,,,,,,,,,,,,,,,,,,,,,,,,,,,,,,,,,
,43,,,,1735,132,,101000,11,,,,,451,,,,,,,,,"ArcherQueen arrow lvl3","ArcherQueen arrow rage2",,,,,,,,,,,,,,,,,,,,,,26,,,,,,,,,,,,5000,,,,,,,12,,819,325,,,,,,,,58,36,,,,,,,,,,,,,,,,,,,,,,,,,,,,,,,,,,,,,,,,,,,,,,,
,44,,,,1771,138,,106000,11,,,,,462,,,,,,,,,"ArcherQueen arrow lvl3","ArcherQueen arrow rage2",,,,,,,,,,,,,,,,,,,,,,26,,,,,,,,,,,,5000,,,,,,,12,,819,325,,,,,,,,58,36,,,,,,,,,,,,,,,,,,,,,,,,,,,,,,,,,,,,,,,,,,,,,,,
,45,,,,1809,138,,111000,11,,,,,474,,,,,,,,,"ArcherQueen arrow lvl3","ArcherQueen arrow rage2",,,,,,,,,,,,,,,,,,,,,,28,,,,,,,,,,,,5200,,,,,,,13,,920,350,,,,,,,,59,37,,,,,,,,,,,,,,,,,,,,,,,,,,,,,,,,,,,,,,,,,,,,,,,
,46,,,,1847,138,,116000,11,,,,,486,,,,,,,,,"ArcherQueen arrow lvl3","ArcherQueen arrow rage2",,,,,,,,,,,,,,,,,,,,,,28,,,,,,,,,,,,5200,,,,,,,13,,920,350,,,,,,,,59,37,,,,,,,,,,,,,,,,,,,,,,,,,,,,,,,,,,,,,,,,,,,,,,,
,47,,,,1885,138,,122000,11,,,,,498,,,,,,,,,"ArcherQueen arrow lvl3","ArcherQueen arrow rage2",,,,,,,,,,,,,,,,,,,,,,28,,,,,,,,,,,,5200,,,,,,,13,,920,350,,,,,,,,59,37,,,,,,,,,,,,,,,,,,,,,,,,,,,,,,,,,,,,,,,,,,,,,,,
,48,,,,1925,138,,127000,11,,,,,510,,,,,,,,,"ArcherQueen arrow lvl3","ArcherQueen arrow rage2",,,,,,,,,,,,,,,,,,,,,,28,,,,,,,,,,,,5200,,,,,,,13,,920,350,,,,,,,,59,37,,,,,,,,,,,,,,,,,,,,,,,,,,,,,,,,,,,,,,,,,,,,,,,
,49,,,,1965,138,,132000,11,,,,,523,,,,,,,,,"ArcherQueen arrow lvl3","ArcherQueen arrow rage2",,,,,,,,,,,,,,,,,,,,,,28,,,,,,,,,,,,5200,,,,,,,13,,920,350,,,,,,,,59,37,,,,,,,,,,,,,,,,,,,,,,,,,,,,,,,,,,,,,,,,,,,,,,,
,50,,,,2007,150,,138000,11,,,,,536,,,,,,,,,"ArcherQueen arrow lvl3","ArcherQueen arrow rage2",,,,,,,,,,,,,,,,,,,,,,30,,,,,,,,,,,,5400,,,,,,,14,,1020,375,,,,,,,,60,38,,,,,,,,,,,,,,,,,,,,,,,,,,,,,,,,,,,,,,,,,,,,,,,
,51,,,,2058,150,,143000,12,,,,,547,,,,,,,,,"ArcherQueen arrow lvl3","ArcherQueen arrow rage2",,,,,,,,,,,,,,,,,,,,,,30,,,,,,,,,,,,5400,,,,,,,14,,1020,375,,,,,,,,60,38,,,,,,,,,,,,,,,,,,,,,,,,,,,,,,,,,,,,,,,,,,,,,,,
,52,,,,2110,150,,148000,12,,,,,558,,,,,,,,,"ArcherQueen arrow lvl3","ArcherQueen arrow rage2",,,,,,,,,,,,,,,,,,,,,,30,,,,,,,,,,,,5400,,,,,,,14,,1020,375,,,,,,,,60,38,,,,,,,,,,,,,,,,,,,,,,,,,,,,,,,,,,,,,,,,,,,,,,,
,53,,,,2163,150,,154000,12,,,,,570,,,,,,,,,"ArcherQueen arrow lvl3","ArcherQueen arrow rage2",,,,,,,,,,,,,,,,,,,,,,30,,,,,,,,,,,,5400,,,,,,,14,,1020,375,,,,,,,,60,38,,,,,,,,,,,,,,,,,,,,,,,,,,,,,,,,,,,,,,,,,,,,,,,
,54,,,,2218,150,,159000,12,,,,,582,,,,,,,,,"ArcherQueen arrow lvl3","ArcherQueen arrow rage2",,,,,,,,,,,,,,,,,,,,,,30,,,,,,,,,,,,5400,,,,,,,14,,1020,375,,,,,,,,60,38,,,,,,,,,,,,,,,,,,,,,,,,,,,,,,,,,,,,,,,,,,,,,,,
,55,,,,2274,150,,166000,12,,,,,594,,,,,,,,,"ArcherQueen arrow lvl3","ArcherQueen arrow rage2",,,,,,,,,,,,,,,,,,,,,,32,,,,,,,,,,,,5600,,,,,,,15,,1120,400,,,,,,,,62,39,,,,,,,,,,,,,,,,,,,,,,,,,,,,,,,,,,,,,,,,,,,,,,,
,56,,,,2331,150,,172000,12,,,,,606,,,,,,,,,"ArcherQueen arrow lvl3","ArcherQueen arrow rage2",,,,,,,,,,,,,,,,,,,,,,32,,,,,,,,,,,,5600,,,,,,,15,,1120,400,,,,,,,,62,39,,,,,,,,,,,,,,,,,,,,,,,,,,,,,,,,,,,,,,,,,,,,,,,
,57,,,,2390,150,,179000,12,,,,,619,,,,,,,,,"ArcherQueen arrow lvl3","ArcherQueen arrow rage2",,,,,,,,,,,,,,,,,,,,,,32,,,,,,,,,,,,5600,,,,,,,15,,1120,400,,,,,,,,62,39,,,,,,,,,,,,,,,,,,,,,,,,,,,,,,,,,,,,,,,,,,,,,,,
,58,,,,2450,150,,186000,12,,,,,632,,,,,,,,,"ArcherQueen arrow lvl3","ArcherQueen arrow rage2",,,,,,,,,,,,,,,,,,,,,,32,,,,,,,,,,,,5600,,,,,,,15,,1120,400,,,,,,,,62,39,,,,,,,,,,,,,,,,,,,,,,,,,,,,,,,,,,,,,,,,,,,,,,,
,59,,,,2512,150,,192000,12,,,,,645,,,,,,,,,"ArcherQueen arrow lvl3","ArcherQueen arrow rage2",,,,,,,,,,,,,,,,,,,,,,32,,,,,,,,,,,,5600,,,,,,,15,,1120,400,,,,,,,,62,39,,,,,,,,,,,,,,,,,,,,,,,,,,,,,,,,,,,,,,,,,,,,,,,
,60,,,,2575,150,,198000,12,,,,,658,,,,,,,,,"ArcherQueen arrow lvl3","ArcherQueen arrow rage2",,,,,,,,,,,,,,,,,,,,,,34,,,,,,,,,,,,5800,,,,,,,16,,1220,425,,,,,,,,64,40,,,,,,,,,,,,,,,,,,,,,,,,,,,,,,,,,,,,,,,,,,,,,,,
,61,,,,2639,150,,203000,12,,,,,671,,,,,,,,,"ArcherQueen arrow lvl3","ArcherQueen arrow rage2",,,,,,,,,,,,,,,,,,,,,,34,,,,,,,,,,,,5800,,,,,,,16,,1220,425,,,,,,,,64,40,,,,,,,,,,,,,,,,,,,,,,,,,,,,,,,,,,,,,,,,,,,,,,,
,62,,,,2705,150,,208000,12,,,,,684,,,,,,,,,"ArcherQueen arrow lvl3","ArcherQueen arrow rage2",,,,,,,,,,,,,,,,,,,,,,34,,,,,,,,,,,,5800,,,,,,,16,,1220,425,,,,,,,,64,40,,,,,,,,,,,,,,,,,,,,,,,,,,,,,,,,,,,,,,,,,,,,,,,
,63,,,,2773,150,,213000,12,,,,,698,,,,,,,,,"ArcherQueen arrow lvl3","ArcherQueen arrow rage2",,,,,,,,,,,,,,,,,,,,,,34,,,,,,,,,,,,5800,,,,,,,16,,1220,425,,,,,,,,64,40,,,,,,,,,,,,,,,,,,,,,,,,,,,,,,,,,,,,,,,,,,,,,,,
,64,,,,2842,150,,219000,12,,,,,712,,,,,,,,,"ArcherQueen arrow lvl3","ArcherQueen arrow rage2",,,,,,,,,,,,,,,,,,,,,,34,,,,,,,,,,,,5800,,,,,,,16,,1220,425,,,,,,,,64,40,,,,,,,,,,,,,,,,,,,,,,,,,,,,,,,,,,,,,,,,,,,,,,,
,65,,,,2913,162,,228000,12,,,,,726,,,,,,,,,"ArcherQueen arrow lvl3","ArcherQueen arrow rage2",,,,,,,,,,,,,,,,,,,,,,36,,,,,,,,,,,,6000,,,,,,,17,,1300,450,,,,,,,,66,41,,,,,,,,,,,,,,,,,,,,,,,,,,,,,,,,,,,,,,,,,,,,,,,
,66,,,,2980,162,,237000,13,,,,,739,,,,,,,,,"ArcherQueen arrow lvl3","ArcherQueen arrow rage2",,,,,,,,,,,,,,,,,,,,,,36,,,,,,,,,,,,6000,,,,,,,17,,1300,450,,,,,,,,66,41,,,,,,,,,,,,,,,,,,,,,,,,,,,,,,,,,,,,,,,,,,,,,,,
,67,,,,3040,162,,246000,13,,,,,751,,,,,,,,,"ArcherQueen arrow lvl3","ArcherQueen arrow rage2",,,,,,,,,,,,,,,,,,,,,,36,,,,,,,,,,,,6000,,,,,,,17,,1300,450,,,,,,,,66,41,,,,,,,,,,,,,,,,,,,,,,,,,,,,,,,,,,,,,,,,,,,,,,,
,68,,,,3095,162,,255000,13,,,,,762,,,,,,,,,"ArcherQueen arrow lvl3","ArcherQueen arrow rage2",,,,,,,,,,,,,,,,,,,,,,36,,,,,,,,,,,,6000,,,,,,,17,,1300,450,,,,,,,,66,41,,,,,,,,,,,,,,,,,,,,,,,,,,,,,,,,,,,,,,,,,,,,,,,
,69,,,,3145,174,,266000,13,,,,,772,,,,,,,,,"ArcherQueen arrow lvl3","ArcherQueen arrow rage2",,,,,,,,,,,,,,,,,,,,,,36,,,,,,,,,,,,6000,,,,,,,17,,1300,450,,,,,,,,66,41,,,,,,,,,,,,,,,,,,,,,,,,,,,,,,,,,,,,,,,,,,,,,,,
,70,,,,3190,174,,269000,13,,,,,781,,,,,,,,,"ArcherQueen arrow lvl3","ArcherQueen arrow rage2",,,,,,,,,,,,,,,,,,,,,,38,,,,,,,,,,,,6200,,,,,,,18,,1370,475,,,,,,,,68,42,,,,,,,,,,,,,,,,,,,,,,,,,,,,,,,,,,,,,,,,,,,,,,,
,71,,,,3230,174,,278000,13,,,,,789,,,,,,,,,"ArcherQueen arrow lvl3","ArcherQueen arrow rage2",,,,,,,,,,,,,,,,,,,,,,38,,,,,,,,,,,,6200,,,,,,,18,,1370,475,,,,,,,,68,42,,,,,,,,,,,,,,,,,,,,,,,,,,,,,,,,,,,,,,,,,,,,,,,
,72,,,,3270,174,,283000,13,,,,,796,,,,,,,,,"ArcherQueen arrow lvl3","ArcherQueen arrow rage2",,,,,,,,,,,,,,,,,,,,,,38,,,,,,,,,,,,6200,,,,,,,18,,1370,475,,,,,,,,68,42,,,,,,,,,,,,,,,,,,,,,,,,,,,,,,,,,,,,,,,,,,,,,,,
,73,,,,3310,174,,288000,13,,,,,802,,,,,,,,,"ArcherQueen arrow lvl3","ArcherQueen arrow rage2",,,,,,,,,,,,,,,,,,,,,,38,,,,,,,,,,,,6200,,,,,,,18,,1370,475,,,,,,,,68,42,,,,,,,,,,,,,,,,,,,,,,,,,,,,,,,,,,,,,,,,,,,,,,,
,74,,,,3350,174,,297000,13,,,,,808,,,,,,,,,"ArcherQueen arrow lvl3","ArcherQueen arrow rage2",,,,,,,,,,,,,,,,,,,,,,38,,,,,,,,,,,,6200,,,,,,,18,,1370,475,,,,,,,,68,42,,,,,,,,,,,,,,,,,,,,,,,,,,,,,,,,,,,,,,,,,,,,,,,
,75,,,,3390,192,,302000,13,,,,,814,,,,,,,,,"ArcherQueen arrow lvl3","ArcherQueen arrow rage2",,,,,,,,,,,,,,,,,,,,,,40,,,,,,,,,,,,6400,,,,,,,19,,1430,500,,,,,,,,69,43,,,,,,,,,,,,,,,,,,,,,,,,,,,,,,,,,,,,,,,,,,,,,,,
,76,,,,3425,192,,308000,14,,,,,820,,,,,,,,,"ArcherQueen arrow lvl3","ArcherQueen arrow rage2",,,,,,,,,,,,,,,,,,,,,,40,,,,,,,,,,,,6400,,,,,,,19,,1430,500,,,,,,,,69,43,,,,,,,,,,,,,,,,,,,,,,,,,,,,,,,,,,,,,,,,,,,,,,,
,77,,,,3460,192,,314000,14,,,,,825,,,,,,,,,"ArcherQueen arrow lvl3","ArcherQueen arrow rage2",,,,,,,,,,,,,,,,,,,,,,40,,,,,,,,,,,,6400,,,,,,,19,,1430,500,,,,,,,,69,43,,,,,,,,,,,,,,,,,,,,,,,,,,,,,,,,,,,,,,,,,,,,,,,
,78,,,,3495,192,,319000,14,,,,,830,,,,,,,,,"ArcherQueen arrow lvl3","ArcherQueen arrow rage2",,,,,,,,,,,,,,,,,,,,,,40,,,,,,,,,,,,6400,,,,,,,19,,1430,500,,,,,,,,69,43,,,,,,,,,,,,,,,,,,,,,,,,,,,,,,,,,,,,,,,,,,,,,,,
,79,,,,3530,192,,325000,14,,,,,835,,,,,,,,,"ArcherQueen arrow lvl3","ArcherQueen arrow rage2",,,,,,,,,,,,,,,,,,,,,,40,,,,,,,,,,,,6400,,,,,,,19,,1430,500,,,,,,,,69,43,,,,,,,,,,,,,,,,,,,,,,,,,,,,,,,,,,,,,,,,,,,,,,,
,80,,,,3565,192,,334000,14,,,,,840,,,,,,,,,"ArcherQueen arrow lvl3","ArcherQueen arrow rage2",,,,,,,,,,,,,,,,,,,,,,42,,,,,,,,,,,,6600,,,,,,,20,,1480,525,,,,,,,,70,44,,,,,,,,,,,,,,,,,,,,,,,,,,,,,,,,,,,,,,,,,,,,,,,
,81,,,,3600,192,,338000,15,,,,,844,,,,,,,,,"ArcherQueen arrow lvl3","ArcherQueen arrow rage2",,,,,,,,,,,,,,,,,,,,,,42,,,,,,,,,,,,6600,,,,,,,20,,1480,525,,,,,,,,70,44,,,,,,,,,,,,,,,,,,,,,,,,,,,,,,,,,,,,,,,,,,,,,,,
,82,,,,3630,192,,342000,15,,,,,848,,,,,,,,,"ArcherQueen arrow lvl3","ArcherQueen arrow rage2",,,,,,,,,,,,,,,,,,,,,,42,,,,,,,,,,,,6600,,,,,,,20,,1480,525,,,,,,,,70,44,,,,,,,,,,,,,,,,,,,,,,,,,,,,,,,,,,,,,,,,,,,,,,,
,83,,,,3660,192,,346000,15,,,,,852,,,,,,,,,"ArcherQueen arrow lvl3","ArcherQueen arrow rage2",,,,,,,,,,,,,,,,,,,,,,42,,,,,,,,,,,,6600,,,,,,,20,,1480,525,,,,,,,,70,44,,,,,,,,,,,,,,,,,,,,,,,,,,,,,,,,,,,,,,,,,,,,,,,
,84,,,,3690,192,,350000,15,,,,,856,,,,,,,,,"ArcherQueen arrow lvl3","ArcherQueen arrow rage2",,,,,,,,,,,,,,,,,,,,,,42,,,,,,,,,,,,6600,,,,,,,20,,1480,525,,,,,,,,70,44,,,,,,,,,,,,,,,,,,,,,,,,,,,,,,,,,,,,,,,,,,,,,,,
,85,,,,3720,192,,352000,15,,,,,860,,,,,,,,,"ArcherQueen arrow lvl3","ArcherQueen arrow rage2",,,,,,,,,,,,,,,,,,,,,,44,,,,,,,,,,,,6800,,,,,,,21,,1520,550,,,,,,,,71,45,,,,,,,,,,,,,,,,,,,,,,,,,,,,,,,,,,,,,,,,,,,,,,,
,86,,,,3750,192,,354000,15,,,,,864,,,,,,,,,"ArcherQueen arrow lvl3","ArcherQueen arrow rage2",,,,,,,,,,,,,,,,,,,,,,44,,,,,,,,,,,,6800,,,,,,,21,,1520,550,,,,,,,,71,45,,,,,,,,,,,,,,,,,,,,,,,,,,,,,,,,,,,,,,,,,,,,,,,
,87,,,,3780,192,,356000,15,,,,,868,,,,,,,,,"ArcherQueen arrow lvl3","ArcherQueen arrow rage2",,,,,,,,,,,,,,,,,,,,,,44,,,,,,,,,,,,6800,,,,,,,21,,1520,550,,,,,,,,71,45,,,,,,,,,,,,,,,,,,,,,,,,,,,,,,,,,,,,,,,,,,,,,,,
,88,,,,3810,192,,358000,15,,,,,872,,,,,,,,,"ArcherQueen arrow lvl3","ArcherQueen arrow rage2",,,,,,,,,,,,,,,,,,,,,,44,,,,,,,,,,,,6800,,,,,,,21,,1520,550,,,,,,,,71,45,,,,,,,,,,,,,,,,,,,,,,,,,,,,,,,,,,,,,,,,,,,,,,,
,89,,,,3840,192,,360000,15,,,,,876,,,,,,,,,"ArcherQueen arrow lvl3","ArcherQueen arrow rage2",,,,,,,,,,,,,,,,,,,,,,44,,,,,,,,,,,,6800,,,,,,,21,,1520,550,,,,,,,,71,45,,,,,,,,,,,,,,,,,,,,,,,,,,,,,,,,,,,,,,,,,,,,,,,
,90,,,,3870,,,,15,,,,,880,,,,,,,,,"ArcherQueen arrow lvl3","ArcherQueen arrow rage2",,,,,,,,,,,,,,,,,,,,,,46,,,,,,,,,,,,7000,,,,,,,22,,1560,575,,,,,,,,72,46,,,,,,,,,,,,,,,,,,,,,,,,,,,,,,,,,,,,,,,,,,,,,,,
"Grand Warden",1,"TID_GRAND_WARDEN","TID_HERO_INSTRUCTIONS_WARDEN",200,1000,2,"Elixir",1100000,11,700,650,1800,1050,50,1,,"sc/ui.sc","icon_hero_grandwarden","unit_elder_big","sc/info_ancientelder.sc","unit_grandwarden_small","sc/ui.sc",,,,"Hero Deploy",,,"Grand Warden Hit",,"FALSE","TRUE","TRUE","TRUE",,,,,,,,900,25,15,"Building Ready",20,,"Elixir",,"Grand Warden Scream",70,-50,300,,"TRUE",,,,"TRUE",0,,,,,0,"FALSE",0,0,,,"TID_HERO_ABILITY_WARDEN_TITLE","TID_HERO_ABILITY_WARDEN_DESC","icon_hero_grandwarden_ability1","unit_elder_ability_big",0,140,70,1300,,"Growth",0,"TID_HERO_AURA_WARDEN_TITLE","TID_HERO_AURA_WARDEN_DESC","unit_elder_ability_big",,,,,,"TRUE","TRUE",,,,,"TRUE",500,1300,2000,"TRUE",792,1,0,500,"Grand Warden Statue Attack",-50,"TRUE",,,,,"GrandWardenDefault",,,,,"TRUE",,,"M",,,"TRUE",
,2,,,,1021,4,,1400000,11,,,,,52,,,,,,,,,,,,,,,,,,,,,,,,,,,,,,,,20,,,,,,,,,,,,,,,,,,,0,,0,0,,,,,,,,140,70,,,,1,,,,,,,,,,,,,,,,,,,,,,,,,,,,,,,,,,,,,,,,,,,
,3,,,,1042,8,,1600000,11,,,,,54,,,,,,,,,,,,,,,,,,,,,,,,,,,,,,,,20,,,,,,,,,,,,,,,,,,,0,,0,0,,,,,,,,140,70,,,,2,,,,,,,,,,,,,,,,,,,,,,,,,,,,,,,,,,,,,,,,,,,
,4,,,,1064,12,,1800000,11,,,,,56,,,,,,,,,,,,,,,,,,,,,,,,,,,,,,,,20,,,,,,,,,,,,,,,,,,,0,,0,0,,,,,,,,140,70,,,,3,,,,,,,,,,,,,,,,,,,,,,,,,,,,,,,,,,,,,,,,,,,
,5,,,,1086,16,,2000000,11,,,,,58,,,,,,,,,,,,,,,,,,,,,,,,,,,,,,,,22,,,,,,,,,,,,,,,,,,,0,,0,0,,,,,,,,145,71,,,,4,,,,"Shield",0,,,,,,,,,,,,,,,,,,,,,,,,,,,,,,,,,,,,,,
,6,,,,1108,22,,2200000,11,,,,,60,,,,,,,,,,,,,,,,,,,,,,,,,,,,,,,,22,,,,,,,,,,,,,,,,,,,0,,0,0,,,,,,,,145,71,,,,5,,,,,0,,,,,,,,,,,,,,,,,,,,,,,,,,,,,,,,,,,,,,
,7,,,,1131,28,,2500000,11,,,,,63,,,,,,,,,,,,,,,,,,,,,,,,,,,,,,,,22,,,,,,,,,,,,,,,,,,,0,,0,0,,,,,,,,145,71,,,,6,,,,,0,,,,,,,,,,,,,,,,,,,,,,,,,,,,,,,,,,,,,,
,8,,,,1155,32,,2700000,11,,,,,66,,,,,,,,,,,,,,,,,,,,,,,,,,,,,,,,22,,,,,,,,,,,,,,,,,,,0,,0,0,,,,,,,,145,71,,,,7,,,,,0,,,,,,,,,,,,,,,,,,,,,,,,,,,,,,,,,,,,,,
,9,,,,1180,44,,3100000,11,,,,,69,,,,,,,,,,,,,,,,,,,,,,,,,,,,,,,,22,,,,,,,,,,,,,,,,,,,0,,0,0,,,,,,,,145,71,,,,8,,,,,0,,,,,,,,,,,,,,,,,,,,,,,,,,,,,,,,,,,,,,
,10,,,,1206,54,,3600000,11,,,,,72,,,,,,,,,,,,,,,,,,,,,,,,,,,,,,,,24,,,,,,,,,,,,,,,,,,,0,,0,0,,,,,,,,150,72,,,,9,,,,,1,,,,,,,,,,,,,,,,,,,,,,,,,,,,,,,,,,,,,,
,11,,,,1233,66,,4000000,11,,,,,75,,,,,,,,,,,,,,,,,,,,,,,,,,,,,,,,24,,,,,,,,,,,,,,,,,,,0,,0,0,,,,,,,,150,72,,,,10,,,,,1,,,,,,,,,,,,,,,,,,,,,,,,,,,,,,,,,,,,,,
,12,,,,1261,90,,4400000,11,,,,,78,,,,,,,,,,,,,,,,,,,,,,,,,,,,,,,,24,,,,,,,,,,,,,,,,,,,0,,0,0,,,,,,,,150,72,,,,11,,,,,1,,,,,,,,,,,,,,,,,,,,,,,,,,,,,,,,,,,,,,
,13,,,,1290,108,,4900000,11,,,,,82,,,,,,,,,,,,,,,,,,,,,,,,,,,,,,,,24,,,,,,,,,,,,,,,,,,,0,,0,0,,,,,,,,150,72,,,,12,,,,,1,,,,,,,,,,,,,,,,,,,,,,,,,,,,,,,,,,,,,,
,14,,,,1320,132,,5300000,11,,,,,86,,,,,,,,,,,,,,,,,,,,,,,,,,,,,,,,24,,,,,,,,,,,,,,,,,,,0,,0,0,,,,,,,,150,72,,,,13,,,,,1,,,,,,,,,,,,,,,,,,,,,,,,,,,,,,,,,,,,,,
,15,,,,1350,150,,5700000,11,,,,,90,,,,,,,,,,,,,,,,,,,,,,,,,,,,,,,,26,,,,,,,,,,,,,,,,,,,0,,0,0,,,,,,,,155,73,,,,14,,,,,2,,,,,,,,,,,,,,,,,,,,,,,,,,,,,,,,,,,,,,
,16,,,,1380,150,,6200000,11,,,,,94,,,,,,,,,,,,,,,,,,,,,,,,,,,,,,,,26,,,,,,,,,,,,,,,,,,,0,,0,0,,,,,,,,155,73,,,,15,,,,,2,,,,,,,,,,,,,,,,,,,,,,,,,,,,,,,,,,,,,,
,17,,,,1410,150,,6600000,11,,,,,98,,,,,,,,,,,,,,,,,,,,,,,,,,,,,,,,26,,,,,,,,,,,,,,,,,,,0,,0,0,,,,,,,,155,73,,,,16,,,,,2,,,,,,,,,,,,,,,,,,,,,,,,,,,,,,,,,,,,,,
,18,,,,1440,150,,7100000,11,,,,,102,,,,,,,,,,,,,,,,,,,,,,,,,,,,,,,,26,,,,,,,,,,,,,,,,,,,0,,0,0,,,,,,,,155,73,,,,17,,,,,2,,,,,,,,,,,,,,,,,,,,,,,,,,,,,,,,,,,,,,
,19,,,,1470,150,,7900000,11,,,,,106,,,,,,,,,,,,,,,,,,,,,,,,,,,,,,,,26,,,,,,,,,,,,,,,,,,,0,,0,0,,,,,,,,155,73,,,,18,,,,,2,,,,,,,,,,,,,,,,,,,,,,,,,,,,,,,,,,,,,,
,20,,,,1500,150,,8800000,11,,,,,110,,,,,,,,,,,,,,,,,,,,,,,,,,,,,,,,28,,,,,,,,,,,,,,,,,,,0,,0,0,,,,,,,,160,74,,,,19,,,,,3,,,,,,,,,,,,,,,,,,,,,,,,,,,,,,,,,,,,,,
,21,,,,1530,150,,8900000,12,,,,,115,,,,,,,,,,,,,,,,,,,,,,,,,,,,,,,,28,,,,,,,,,,,,,,,,,,,0,,0,0,,,,,,,,160,74,,,,20,,,,,3,,,,,,,,,,,,,,,,,,,,,,,,,,,,,,,,,,,,,,
,22,,,,1561,150,,9000000,12,,,,,120,,,,,,,,,,,,,,,,,,,,,,,,,,,,,,,,28,,,,,,,,,,,,,,,,,,,0,,0,0,,,,,,,,160,74,,,,21,,,,,3,,,,,,,,,,,,,,,,,,,,,,,,,,,,,,,,,,,,,,
,23,,,,1593,150,,9100000,12,,,,,125,,,,,,,,,,,,,,,,,,,,,,,,,,,,,,,,28,,,,,,,,,,,,,,,,,,,0,,0,0,,,,,,,,160,74,,,,22,,,,,3,,,,,,,,,,,,,,,,,,,,,,,,,,,,,,,,,,,,,,
,24,,,,1625,150,,9200000,12,,,,,130,,,,,,,,,,,,,,,,,,,,,,,,,,,,,,,,28,,,,,,,,,,,,,,,,,,,0,,0,0,,,,,,,,160,74,,,,23,,,,,3,,,,,,,,,,,,,,,,,,,,,,,,,,,,,,,,,,,,,,
,25,,,,1658,150,,9300000,12,,,,,136,,,,,,,,,,,,,,,,,,,,,,,,,,,,,,,,30,,,,,,,,,,,,,,,,,,,0,,0,0,,,,,,,,165,75,,,,24,,,,,4,,,,,,,,,,,,,,,,,,,,,,,,,,,,,,,,,,,,,,
,26,,,,1692,150,,9400000,12,,,,,142,,,,,,,,,,,,,,,,,,,,,,,,,,,,,,,,30,,,,,,,,,,,,,,,,,,,0,,0,0,,,,,,,,165,75,,,,25,,,,,4,,,,,,,,,,,,,,,,,,,,,,,,,,,,,,,,,,,,,,
,27,,,,1726,150,,9500000,12,,,,,148,,,,,,,,,,,,,,,,,,,,,,,,,,,,,,,,30,,,,,,,,,,,,,,,,,,,0,,0,0,,,,,,,,165,75,,,,26,,,,,4,,,,,,,,,,,,,,,,,,,,,,,,,,,,,,,,,,,,,,
,28,,,,1761,150,,9600000,12,,,,,154,,,,,,,,,,,,,,,,,,,,,,,,,,,,,,,,30,,,,,,,,,,,,,,,,,,,0,,0,0,,,,,,,,165,75,,,,27,,,,,4,,,,,,,,,,,,,,,,,,,,,,,,,,,,,,,,,,,,,,
,29,,,,1797,150,,9700000,12,,,,,161,,,,,,,,,,,,,,,,,,,,,,,,,,,,,,,,30,,,,,,,,,,,,,,,,,,,0,,0,0,,,,,,,,165,75,,,,28,,,,,4,,,,,,,,,,,,,,,,,,,,,,,,,,,,,,,,,,,,,,
,30,,,,1833,150,,9800000,12,,,,,168,,,,,,,,,,,,,,,,,,,,,,,,,,,,,,,,32,,,,,,,,,,,,,,,,,,,0,,0,0,,,,,,,,170,76,,,,29,,,,,5,,,,,,,,,,,,,,,,,,,,,,,,,,,,,,,,,,,,,,
,31,,,,1870,150,,9900000,12,,,,,175,,,,,,,,,,,,,,,,,,,,,,,,,,,,,,,,32,,,,,,,,,,,,,,,,,,,0,,0,0,,,,,,,,170,76,,,,30,,,,,5,,,,,,,,,,,,,,,,,,,,,,,,,,,,,,,,,,,,,,
,32,,,,1908,150,,10000000,12,,,,,182,,,,,,,,,,,,,,,,,,,,,,,,,,,,,,,,32,,,,,,,,,,,,,,,,,,,0,,0,0,,,,,,,,170,76,,,,31,,,,,5,,,,,,,,,,,,,,,,,,,,,,,,,,,,,,,,,,,,,,
,33,,,,1947,150,,10100000,12,,,,,190,,,,,,,,,,,,,,,,,,,,,,,,,,,,,,,,32,,,,,,,,,,,,,,,,,,,0,,0,0,,,,,,,,170,76,,,,32,,,,,5,,,,,,,,,,,,,,,,,,,,,,,,,,,,,,,,,,,,,,
,34,,,,1986,150,,10200000,12,,,,,198,,,,,,,,,,,,,,,,,,,,,,,,,,,,,,,,32,,,,,,,,,,,,,,,,,,,0,,0,0,,,,,,,,170,76,,,,33,,,,,5,,,,,,,,,,,,,,,,,,,,,,,,,,,,,,,,,,,,,,
,35,,,,2026,150,,10300000,12,,,,,206,,,,,,,,,,,,,,,,,,,,,,,,,,,,,,,,34,,,,,,,,,,,,,,,,,,,0,,0,0,,,,,,,,175,77,,,,34,,,,,6,,,,,,,,,,,,,,,,,,,,,,,,,,,,,,,,,,,,,,
,36,,,,2067,150,,10400000,12,,,,,215,,,,,,,,,,,,,,,,,,,,,,,,,,,,,,,,34,,,,,,,,,,,,,,,,,,,0,,0,0,,,,,,,,175,77,,,,35,,,,,6,,,,,,,,,,,,,,,,,,,,,,,,,,,,,,,,,,,,,,
,37,,,,2109,150,,10500000,12,,,,,224,,,,,,,,,,,,,,,,,,,,,,,,,,,,,,,,34,,,,,,,,,,,,,,,,,,,0,,0,0,,,,,,,,175,77,,,,36,,,,,6,,,,,,,,,,,,,,,,,,,,,,,,,,,,,,,,,,,,,,
,38,,,,2152,150,,10600000,12,,,,,233,,,,,,,,,,,,,,,,,,,,,,,,,,,,,,,,34,,,,,,,,,,,,,,,,,,,0,,0,0,,,,,,,,175,77,,,,37,,,,,6,,,,,,,,,,,,,,,,,,,,,,,,,,,,,,,,,,,,,,
,39,,,,2196,150,,10700000,12,,,,,243,,,,,,,,,,,,,,,,,,,,,,,,,,,,,,,,34,,,,,,,,,,,,,,,,,,,0,,0,0,,,,,,,,175,77,,,,38,,,,,6,,,,,,,,,,,,,,,,,,,,,,,,,,,,,,,,,,,,,,
,40,,,,2240,162,,10800000,12,,,,,253,,,,,,,,,,,,,,,,,,,,,,,,,,,,,,,,36,,,,,,,,,,,,,,,,,,,0,,0,0,,,,,,,,180,78,,,,39,,,,,7,,,,,,,,,,,,,,,,,,,,,,,,,,,,,,,,,,,,,,
,41,,,,2260,162,,11200000,13,,,,,260,,,,,,,,,,,,,,,,,,,,,,,,,,,,,,,,36,,,,,,,,,,,,,,,,,,,0,,0,0,,,,,,,,180,78,,,,39,,,,,7,,,,,,,,,,,,,,,,,,,,,,,,,,,,,,,,,,,,,,
,42,,,,2280,162,,11600000,13,,,,,266,,,,,,,,,,,,,,,,,,,,,,,,,,,,,,,,36,,,,,,,,,,,,,,,,,,,0,,0,0,,,,,,,,180,78,,,,39,,,,,7,,,,,,,,,,,,,,,,,,,,,,,,,,,,,,,,,,,,,,
,43,,,,2300,162,,12000000,13,,,,,271,,,,,,,,,,,,,,,,,,,,,,,,,,,,,,,,36,,,,,,,,,,,,,,,,,,,0,,0,0,,,,,,,,180,78,,,,39,,,,,7,,,,,,,,,,,,,,,,,,,,,,,,,,,,,,,,,,,,,,
,44,,,,2320,162,,12400000,13,,,,,275,,,,,,,,,,,,,,,,,,,,,,,,,,,,,,,,36,,,,,,,,,,,,,,,,,,,0,,0,0,,,,,,,,180,78,,,,39,,,,,7,,,,,,,,,,,,,,,,,,,,,,,,,,,,,,,,,,,,,,
,45,,,,2340,174,,12800000,13,,,,,279,,,,,,,,,,,,,,,,,,,,,,,,,,,,,,,,38,,,,,,,,,,,,,,,,,,,0,,0,0,,,,,,,,185,79,,,,39,,,,,8,,,,,,,,,,,,,,,,,,,,,,,,,,,,,,,,,,,,,,
,46,,,,2360,174,,13200000,13,,,,,283,,,,,,,,,,,,,,,,,,,,,,,,,,,,,,,,38,,,,,,,,,,,,,,,,,,,0,,0,0,,,,,,,,185,79,,,,39,,,,,8,,,,,,,,,,,,,,,,,,,,,,,,,,,,,,,,,,,,,,
,47,,,,2380,174,,13600000,13,,,,,287,,,,,,,,,,,,,,,,,,,,,,,,,,,,,,,,38,,,,,,,,,,,,,,,,,,,0,,0,0,,,,,,,,185,79,,,,39,,,,,8,,,,,,,,,,,,,,,,,,,,,,,,,,,,,,,,,,,,,,
,48,,,,2400,174,,14300000,13,,,,,291,,,,,,,,,,,,,,,,,,,,,,,,,,,,,,,,38,,,,,,,,,,,,,,,,,,,0,,0,0,,,,,,,,185,79,,,,39,,,,,8,,,,,,,,,,,,,,,,,,,,,,,,,,,,,,,,,,,,,,
,49,,,,2420,174,,15500000,13,,,,,295,,,,,,,,,,,,,,,,,,,,,,,,,,,,,,,,38,,,,,,,,,,,,,,,,,,,0,,0,0,,,,,,,,185,79,,,,39,,,,,8,,,,,,,,,,,,,,,,,,,,,,,,,,,,,,,,,,,,,,
,50,,,,2440,192,,16600000,13,,,,,299,,,,,,,,,,,,,,,,,,,,,,,,,,,,,,,,40,,,,,,,,,,,,,,,,,,,0,,0,0,,,,,,,,190,80,,,,39,,,,,9,,,,,,,,,,,,,,,,,,,,,,,,,,,,,,,,,,,,,,
,51,,,,2460,192,,17100000,14,,,,,303,,,,,,,,,,,,,,,,,,,,,,,,,,,,,,,,40,,,,,,,,,,,,,,,,,,,0,,0,0,,,,,,,,190,80,,,,39,,,,,9,,,,,,,,,,,,,,,,,,,,,,,,,,,,,,,,,,,,,,
,52,,,,2480,192,,17600000,14,,,,,307,,,,,,,,,,,,,,,,,,,,,,,,,,,,,,,,40,,,,,,,,,,,,,,,,,,,0,,0,0,,,,,,,,190,80,,,,39,,,,,9,,,,,,,,,,,,,,,,,,,,,,,,,,,,,,,,,,,,,,
,53,,,,2500,192,,18100000,14,,,,,311,,,,,,,,,,,,,,,,,,,,,,,,,,,,,,,,40,,,,,,,,,,,,,,,,,,,0,,0,0,,,,,,,,190,80,,,,39,,,,,9,,,,,,,,,,,,,,,,,,,,,,,,,,,,,,,,,,,,,,
,54,,,,2520,192,,18600000,14,,,,,315,,,,,,,,,,,,,,,,,,,,,,,,,,,,,,,,40,,,,,,,,,,,,,,,,,,,0,,0,0,,,,,,,,190,80,,,,39,,,,,9,,,,,,,,,,,,,,,,,,,,,,,,,,,,,,,,,,,,,,
,55,,,,2540,192,,19200000,14,,,,,319,,,,,,,,,,,,,,,,,,,,,,,,,,,,,,,,42,,,,,,,,,,,,,,,,,,,0,,0,0,,,,,,,,195,81,,,,39,,,,,10,,,,,,,,,,,,,,,,,,,,,,,,,,,,,,,,,,,,,,
,56,,,,2560,192,,19400000,15,,,,,322,,,,,,,,,,,,,,,,,,,,,,,,,,,,,,,,42,,,,,,,,,,,,,,,,,,,0,,0,0,,,,,,,,195,81,,,,39,,,,,10,,,,,,,,,,,,,,,,,,,,,,,,,,,,,,,,,,,,,,
,57,,,,2580,192,,19600000,15,,,,,325,,,,,,,,,,,,,,,,,,,,,,,,,,,,,,,,42,,,,,,,,,,,,,,,,,,,0,,0,0,,,,,,,,195,81,,,,39,,,,,10,,,,,,,,,,,,,,,,,,,,,,,,,,,,,,,,,,,,,,
,58,,,,2600,192,,19800000,15,,,,,328,,,,,,,,,,,,,,,,,,,,,,,,,,,,,,,,42,,,,,,,,,,,,,,,,,,,0,,0,0,,,,,,,,195,81,,,,39,,,,,10,,,,,,,,,,,,,,,,,,,,,,,,,,,,,,,,,,,,,,
,59,,,,2620,192,,20000000,15,,,,,331,,,,,,,,,,,,,,,,,,,,,,,,,,,,,,,,42,,,,,,,,,,,,,,,,,,,0,,0,0,,,,,,,,195,81,,,,39,,,,,10,,,,,,,,,,,,,,,,,,,,,,,,,,,,,,,,,,,,,,
,60,,,,2640,192,,20200000,15,,,,,334,,,,,,,,,,,,,,,,,,,,,,,,,,,,,,,,44,,,,,,,,,,,,,,,,,,,0,,0,0,,,,,,,,200,82,,,,39,,,,,11,,,,,,,,,,,,,,,,,,,,,,,,,,,,,,,,,,,,,,
,61,,,,2660,192,,20400000,15,,,,,337,,,,,,,,,,,,,,,,,,,,,,,,,,,,,,,,44,,,,,,,,,,,,,,,,,,,0,,0,0,,,,,,,,200,82,,,,39,,,,,11,,,,,,,,,,,,,,,,,,,,,,,,,,,,,,,,,,,,,,
,62,,,,2680,192,,20600000,15,,,,,340,,,,,,,,,,,,,,,,,,,,,,,,,,,,,,,,44,,,,,,,,,,,,,,,,,,,0,,0,0,,,,,,,,200,82,,,,39,,,,,11,,,,,,,,,,,,,,,,,,,,,,,,,,,,,,,,,,,,,,
,63,,,,2700,192,,20800000,15,,,,,343,,,,,,,,,,,,,,,,,,,,,,,,,,,,,,,,44,,,,,,,,,,,,,,,,,,,0,,0,0,,,,,,,,200,82,,,,39,,,,,11,,,,,,,,,,,,,,,,,,,,,,,,,,,,,,,,,,,,,,
,64,,,,2720,192,,21000000,15,,,,,346,,,,,,,,,,,,,,,,,,,,,,,,,,,,,,,,44,,,,,,,,,,,,,,,,,,,0,,0,0,,,,,,,,200,82,,,,39,,,,,11,,,,,,,,,,,,,,,,,,,,,,,,,,,,,,,,,,,,,,
,65,,,,2740,,,,15,,,,,349,,,,,,,,,,,,,,,,,,,,,,,,,,,,,,,,46,,,,,,,,,,,,,,,,,,,0,,0,0,,,,,,,,205,83,,,,39,,,,,12,,,,,,,,,,,,,,,,,,,,,,,,,,,,,,,,,,,,,,
"Warmachine",1,"TID_WARMACHINE","TID_HERO_INSTRUCTIONS_WARMACHINE",200,3000,12,"Elixir2",1000000,5,125,,1200,,125,1,,"sc/ui.sc","icon_hero_warmachine","unit_warmachine_big","sc/info_warmachine.sc","unit_warmachine_small","sc/ui.sc",,,,,,,,,"FALSE","FALSE","TRUE","FALSE",,,,,,,,900,25,,"Building Ready",0,,"Elixir2",,"Warmachine Scream",70,-40,300,,,,,,,,,,,,,,,,,,"TID_HERO_ABILITY_WARMACHINE_TITLE","TID_HERO_ABILITY_WARMACHINE_DESC","icon_hero_warmachine_ability1","unit_warmachine_ability_big",0,38,0,1200,,,,,,,,,,,,,,,,,,,,,,,,,2100,2500,,-50,"TRUE",1,"TRUE",,,"WarmachineDefault",,,,,"TRUE",,,"M",,,"TRUE",2
,2,,,,3070,12,,1100000,5,,,,,127,,,,,,,,,,,,,,,,,,,,,,,,,,,,,,,,,,,,,,,,,,,,,,,,,,,,,,,,,,,,,,40,0,,,,,,,,,,,,,,,,,,,,,,,,,,,,,,,,,,,,,,,,,,,,,,,
,3,,,,3140,24,,1200000,5,,,,,130,,,,,,,,,,,,,,,,,,,,,,,,,,,,,,,,,,,,,,,,,,,,,,,,,,,,,,,,,,,,,,41,0,,,,,,,,,,,,,,,,,,,,,,,,,,,,,,,,,,,,,,,,,,,,,,,
,4,,,,3210,24,,1300000,5,,,,,132,,,,,,,,,,,,,,,,,,,,,,,,,,,,,,,,,,,,,,,,,,,,,,,,,,,,,,,,,,,,,,42,0,,,,,,,,,,,,,,,,,,,,,,,,,,,,,,,,,,,,,,,,,,,,,,,
,5,,,,3280,36,,1500000,5,,,,,135,,,,,,,,,,,,,,,,,,,,,,,,,,,,,,,,,,,,,,,,,,,,,,,,,,,,,,,,,,,,,,47,0,,,,,,,,,,,,,,,,,,,,,,,,,,,,,,,,,,,,,,,,,,,,"Battle Machine Electric Hammer 1;Battle Machine Electric Hammer 2;Battle Machine Electric Hammer 3","1;1;1",,
,6,,,,3350,36,,1600000,6,,,,,137,,,,,,,,,,,,,,,,,,,,,,,,,,,,,,,,,,,,,,,,,,,,,,,,,,,,,,,,,,,,,,48,0,,,,,,,,,,,,,,,,,,,,,,,,,,,,,,,,,,,,,,,,,,,,,"1;1;1",,
,7,,,,3420,48,,1700000,6,,,,,140,,,,,,,,,,,,,,,,,,,,,,,,,,,,,,,,,,,,,,,,,,,,,,,,,,,,,,,,,,,,,,50,0,,,,,,,,,,,,,,,,,,,,,,,,,,,,,,,,,,,,,,,,,,,,,"1;1;1",,
,8,,,,3490,48,,1800000,6,,,,,142,,,,,,,,,,,,,,,,,,,,,,,,,,,,,,,,,,,,,,,,,,,,,,,,,,,,,,,,,,,,,,51,0,,,,,,,,,,,,,,,,,,,,,,,,,,,,,,,,,,,,,,,,,,,,,"1;1;1",,
,9,,,,3560,60,,1900000,6,,,,,145,,,,,,,,,,,,,,,,,,,,,,,,,,,,,,,,,,,,,,,,,,,,,,,,,,,,,,,,,,,,,,53,0,,,,,,,,,,,,,,,,,,,,,,,,,,,,,,,,,,,,,,,,,,,,,"1;1;1",,
,10,,,,3630,60,,2100000,6,,,,,147,,,,,,,,,,,,,,,,,,,,,,,,,,,,,,,,,,,,,,,,,,,,,,,,,,,,,,,,,,,,,,59,0,,,,,,,,,,,,,,,,,,,,,,,,,,,,,,,,,,,,,,,,,,,,,"2;2;2",,
,11,,,,3700,72,,2200000,7,,,,,150,,,,,,,,,,,,,,,,,,,,,,,,,,,,,,,,,,,,,,,,,,,,,,,,,,,,,,,,,,,,,,61,0,,,,,,,,,,,,,,,,,,,,,,,,,,,,,,,,,,,,,,,,,,,,,"2;2;2",,
,12,,,,3770,72,,2300000,7,,,,,154,,,,,,,,,,,,,,,,,,,,,,,,,,,,,,,,,,,,,,,,,,,,,,,,,,,,,,,,,,,,,,62,0,,,,,,,,,,,,,,,,,,,,,,,,,,,,,,,,,,,,,,,,,,,,,"2;2;2",,
,13,,,,3840,84,,2400000,7,,,,,157,,,,,,,,,,,,,,,,,,,,,,,,,,,,,,,,,,,,,,,,,,,,,,,,,,,,,,,,,,,,,,64,0,,,,,,,,,,,,,,,,,,,,,,,,,,,,,,,,,,,,,,,,,,,,,"2;2;2",,
,14,,,,3910,84,,2500000,7,,,,,160,,,,,,,,,,,,,,,,,,,,,,,,,,,,,,,,,,,,,,,,,,,,,,,,,,,,,,,,,,,,,,66,0,,,,,,,,,,,,,,,,,,,,,,,,,,,,,,,,,,,,,,,,,,,,,"2;2;2",,
,15,,,,3980,96,,2600000,7,,,,,164,,,,,,,,,,,,,,,,,,,,,,,,,,,,,,,,,,,,,,,,,,,,,,,,,,,,,,,,,,,,,,73,0,,,,,,,,,,,,,,,,,,,,,,,,,,,,,,,,,,,,,,,,,,,,,"3;3;3",,
,16,,,,4050,96,,2700000,7,,,,,167,,,,,,,,,,,,,,,,,,,,,,,,,,,,,,,,,,,,,,,,,,,,,,,,,,,,,,,,,,,,,,75,0,,,,,,,,,,,,,,,,,,,,,,,,,,,,,,,,,,,,,,,,,,,,,"3;3;3",,
,17,,,,4120,96,,2800000,7,,,,,170,,,,,,,,,,,,,,,,,,,,,,,,,,,,,,,,,,,,,,,,,,,,,,,,,,,,,,,,,,,,,,77,0,,,,,,,,,,,,,,,,,,,,,,,,,,,,,,,,,,,,,,,,,,,,,"3;3;3",,
,18,,,,4190,96,,2900000,7,,,,,174,,,,,,,,,,,,,,,,,,,,,,,,,,,,,,,,,,,,,,,,,,,,,,,,,,,,,,,,,,,,,,80,0,,,,,,,,,,,,,,,,,,,,,,,,,,,,,,,,,,,,,,,,,,,,,"3;3;3",,
,19,,,,4260,96,,3000000,7,,,,,177,,,,,,,,,,,,,,,,,,,,,,,,,,,,,,,,,,,,,,,,,,,,,,,,,,,,,,,,,,,,,,83,0,,,,,,,,,,,,,,,,,,,,,,,,,,,,,,,,,,,,,,,,,,,,,"3;3;3",,
,20,,,,4330,120,,3100000,7,,,,,180,,,,,,,,,,,,,,,,,,,,,,,,,,,,,,,,,,,,,,,,,,,,,,,,,,,,,,,,,,,,,,91,0,,,,,,,,,,,,,,,,,,,,,,,,,,,,,,,,,,,,,,,,,,,,,"4;4;4",,
,21,,,,4400,120,,3200000,8,,,,,186,,,,,,,,,,,,,,,,,,,,,,,,,,,,,,,,,,,,,,,,,,,,,,,,,,,,,,,,,,,,,,94,0,,,,,,,,,,,,,,,,,,,,,,,,,,,,,,,,,,,,,,,,,,,,,"4;4;4",,
,22,,,,4470,120,,3300000,8,,,,,192,,,,,,,,,,,,,,,,,,,,,,,,,,,,,,,,,,,,,,,,,,,,,,,,,,,,,,,,,,,,,,96,0,,,,,,,,,,,,,,,,,,,,,,,,,,,,,,,,,,,,,,,,,,,,,"4;4;4",,
,23,,,,4540,120,,3400000,8,,,,,198,,,,,,,,,,,,,,,,,,,,,,,,,,,,,,,,,,,,,,,,,,,,,,,,,,,,,,,,,,,,,,100,0,,,,,,,,,,,,,,,,,,,,,,,,,,,,,,,,,,,,,,,,,,,,,"4;4;4",,
,24,,,,4610,120,,3500000,8,,,,,204,,,,,,,,,,,,,,,,,,,,,,,,,,,,,,,,,,,,,,,,,,,,,,,,,,,,,,,,,,,,,,104,0,,,,,,,,,,,,,,,,,,,,,,,,,,,,,,,,,,,,,,,,,,,,,"4;4;4",,
,25,,,,4680,144,,3600000,8,,,,,210,,,,,,,,,,,,,,,,,,,,,,,,,,,,,,,,,,,,,,,,,,,,,,,,,,,,,,,,,,,,,,113,0,,,,,,,,,,,,,,,,,,,,,,,,,,,,,,,,,,,,,,,,,,,,,"5;5;5",,
,26,,,,4750,144,,3700000,9,,,,,218,,,,,,,,,,,,,,,,,,,,,,,,,,,,,,,,,,,,,,,,,,,,,,,,,,,,,,,,,,,,,,116,0,,,,,,,,,,,,,,,,,,,,,,,,,,,,,,,,,,,,,,,,,,,,,"5;5;5",,
,27,,,,4820,144,,3800000,9,,,,,226,,,,,,,,,,,,,,,,,,,,,,,,,,,,,,,,,,,,,,,,,,,,,,,,,,,,,,,,,,,,,,120,0,,,,,,,,,,,,,,,,,,,,,,,,,,,,,,,,,,,,,,,,,,,,,"5;5;5",,
,28,,,,4890,144,,3900000,9,,,,,234,,,,,,,,,,,,,,,,,,,,,,,,,,,,,,,,,,,,,,,,,,,,,,,,,,,,,,,,,,,,,,124,0,,,,,,,,,,,,,,,,,,,,,,,,,,,,,,,,,,,,,,,,,,,,,"5;5;5",,
,29,,,,4960,144,,4000000,9,,,,,242,,,,,,,,,,,,,,,,,,,,,,,,,,,,,,,,,,,,,,,,,,,,,,,,,,,,,,,,,,,,,,127,0,,,,,,,,,,,,,,,,,,,,,,,,,,,,,,,,,,,,,,,,,,,,,"5;5;5",,
,30,,,,5030,168,,4100000,9,,,,,250,,,,,,,,,,,,,,,,,,,,,,,,,,,,,,,,,,,,,,,,,,,,,,,,,,,,,,,,,,,,,,137,0,,,,,,,,,,,,,,,,,,,,,,,,,,,,,,,,,,,,,,,,,,,,,"6;6;6",,
,31,,,,5100,168,,4200000,10,,,,,258,,,,,,,,,,,,,,,,,,,,,,,,,,,,,,,,,,,,,,,,,,,,,,,,,,,,,,,,,,,,,,140,0,,,,,,,,,,,,,,,,,,,,,,,,,,,,,,,,,,,,,,,,,,,,,"6;6;6",,
,32,,,,5170,168,,4300000,10,,,,,266,,,,,,,,,,,,,,,,,,,,,,,,,,,,,,,,,,,,,,,,,,,,,,,,,,,,,,,,,,,,,,143,0,,,,,,,,,,,,,,,,,,,,,,,,,,,,,,,,,,,,,,,,,,,,,"6;6;6",,
,33,,,,5240,168,,4400000,10,,,,,274,,,,,,,,,,,,,,,,,,,,,,,,,,,,,,,,,,,,,,,,,,,,,,,,,,,,,,,,,,,,,,146,0,,,,,,,,,,,,,,,,,,,,,,,,,,,,,,,,,,,,,,,,,,,,,"6;6;6",,
,34,,,,5310,168,,4500000,10,,,,,282,,,,,,,,,,,,,,,,,,,,,,,,,,,,,,,,,,,,,,,,,,,,,,,,,,,,,,,,,,,,,,149,0,,,,,,,,,,,,,,,,,,,,,,,,,,,,,,,,,,,,,,,,,,,,,"6;6;6",,
,35,,,,5380,,,,10,,,,,290,,,,,,,,,,,,,,,,,,,,,,,,,,,,,,,,,,,,,,,,,,,,,,,,,,,,,,,,,,,,,,160,0,,,,,,,,,,,,,,,,,,,,,,,,,,,,,,,,,,,,,,,,,,,,,"7;7;7",,
"Warrior Princess",1,"TID_HERO_ROYAL_CHAMPION","TID_HERO_INSTRUCTIONS_ROYAL_CHAMPION",300,2950,8,"DarkElixir",73000,13,300,,1200,,374,,,"sc/ui.sc","icon_hero_warriorPrincess","unit_royal_champion_big","sc/info_royal_champion.sc","unit_royal_champion_smalll","sc/ui.sc","AmazonQueen_javelin",,,"Hero Deploy",,,"AmazonQ ability hit",,"FALSE","TRUE","TRUE","TRUE",,,,,,,,900,25,23,"Building Ready",30,,"Elixir",,"Warrior Princess Scream",70,-40,300,,"TRUE",,,,"TRUE",0,,,,,,,,0,,,"TID_HERO_ABILITY_ROYAL_CHAMPION_TITLE","TID_HERO_ABILITY_ROYAL_CHAMPION_DESC","icon_hero_warriorPrincess_ability1","unit_royal_champion_ability_big",,110,31,1200,,,,,,,,,,,,,,,"Defense",,,,,,,,,,2100,1000,,-50,"TRUE",,,,,"WarriorPrincessDefault","AmazonQueen_shield",3,7100,1,"TRUE",400,,"F",,,"TRUE",
,2,,,,3000,16,,89000,13,,,,,383,,,,,,,,,,,,,,,,,,,,,,,,,,,,,,,,30,,,,,,,,,,,,,,,,,,,,,,0,,,,,,,,110,31,,,,,,,,,,,,,,,,,,,,,,,,,,,,,,,,,,,,,,,,,,,,,,,
,3,,,,3050,22,,105000,13,,,,,392,,,,,,,,,,,,,,,,,,,,,,,,,,,,,,,,30,,,,,,,,,,,,,,,,,,,,,,0,,,,,,,,110,31,,,,,,,,,,,,,,,,,,,,,,,,,,,,,,,,,,,,,,,,,,,,,,,
,4,,,,3100,44,,122000,13,,,,,401,,,,,,,,,,,,,,,,,,,,,,,,,,,,,,,,30,,,,,,,,,,,,,,,,,,,,,,0,,,,,,,,110,31,,,,,,,,,,,,,,,,,,,,,,,,,,,,,,,,,,,,,,,,,,,,,,,
,5,,,,3150,66,,140000,13,,,,,410,,,,,,,,,,,,,,,,,,,,,,,,,,,,,,,,32,,,,,,,,,,,,4000,,,,,,,,,,1700,,,,,,,,150,33,,,,,,,,,,,,,,,,,,,,,,,,,,,,,,,,,,,,,,,,,,1260,,,,,
,6,,,,3200,78,,158000,13,,,,,418,,,,,,,,,,,,,,,,,,,,,,,,,,,,,,,,32,,,,,,,,,,,,4000,,,,,,,,,,1700,,,,,,,,150,33,,,,,,,,,,,,,,,,,,,,,,,,,,,,,,,,,,,,,,,,,,1260,,,,,
,7,,,,3250,90,,170000,13,,,,,426,,,,,,,,,,,,,,,,,,,,,,,,,,,,,,,,32,,,,,,,,,,,,4000,,,,,,,,,,1700,,,,,,,,150,33,,,,,,,,,,,,,,,,,,,,,,,,,,,,,,,,,,,,,,,,,,1260,,,,,
,8,,,,3300,102,,182000,13,,,,,434,,,,,,,,,,,,,,,,,,,,,,,,,,,,,,,,32,,,,,,,,,,,,4000,,,,,,,,,,1700,,,,,,,,150,33,,,,,,,,,,,,,,,,,,,,,,,,,,,,,,,,,,,,,,,,,,1260,,,,,
,9,,,,3350,108,,192000,13,,,,,442,,,,,,,,,,,,,,,,,,,,,,,,,,,,,,,,32,,,,,,,,,,,,4000,,,,,,,,,,1700,,,,,,,,150,33,,,,,,,,,,,,,,,,,,,,,,,,,,,,,,,,,,,,,,,,,,1260,,,,,
,10,,,,3400,120,,202000,13,,,,,450,,,,,,,,,,,,,,,,,,,,,,,,,,,,,,,,34,,,,,,,,,,,,4000,,,,,,,,,,2000,,,,,,,,160,35,,,,,,,,,,,,,,,,,,,,,,,,,,,,,,,,,,,,,,,,,,1460,,,,,
,11,,,,3450,132,,211000,13,,,,,458,,,,,,,,,,,,,,,,,,,,,,,,,,,,,,,,34,,,,,,,,,,,,4000,,,,,,,,,,2000,,,,,,,,160,35,,,,,,,,,,,,,,,,,,,,,,,,,,,,,,,,,,,,,,,,,,1460,,,,,
,12,,,,3500,144,,216000,13,,,,,466,,,,,,,,,,,,,,,,,,,,,,,,,,,,,,,,34,,,,,,,,,,,,4000,,,,,,,,,,2000,,,,,,,,160,35,,,,,,,,,,,,,,,,,,,,,,,,,,,,,,,,,,,,,,,,,,1460,,,,,
,13,,,,3550,156,,222000,13,,,,,474,,,,,,,,,,,,,,,,,,,,,,,,,,,,,,,,34,,,,,,,,,,,,4000,,,,,,,,,,2000,,,,,,,,160,35,,,,,,,,,,,,,,,,,,,,,,,,,,,,,,,,,,,,,,,,,,1460,,,,,
,14,,,,3600,156,,228000,13,,,,,482,,,,,,,,,,,,,,,,,,,,,,,,,,,,,,,,34,,,,,,,,,,,,4000,,,,,,,,,,2000,,,,,,,,160,35,,,,,,,,,,,,,,,,,,,,,,,,,,,,,,,,,,,,,,,,,,1460,,,,,
,15,,,,3650,162,,234000,13,,,,,490,,,,,,,,,,,,,,,,,,,,,,,,,,,,,,,,36,,,,,,,,,,,,4000,,,,,,,,,,2300,,,,,,,,170,37,,,,,,,,,,,,,,,,,,,,,,,,,,,,,,,,,,,,,,,,,,1660,,,,,
,16,,,,3700,162,,239000,13,,,,,498,,,,,,,,,,,,,,,,,,,,,,,,,,,,,,,,36,,,,,,,,,,,,4000,,,,,,,,,,2300,,,,,,,,170,37,,,,,,,,,,,,,,,,,,,,,,,,,,,,,,,,,,,,,,,,,,1660,,,,,
,17,,,,3750,162,,245000,13,,,,,506,,,,,,,,,,,,,,,,,,,,,,,,,,,,,,,,36,,,,,,,,,,,,4000,,,,,,,,,,2300,,,,,,,,170,37,,,,,,,,,,,,,,,,,,,,,,,,,,,,,,,,,,,,,,,,,,1660,,,,,
,18,,,,3800,162,,251000,13,,,,,514,,,,,,,,,,,,,,,,,,,,,,,,,,,,,,,,36,,,,,,,,,,,,4000,,,,,,,,,,2300,,,,,,,,170,37,,,,,,,,,,,,,,,,,,,,,,,,,,,,,,,,,,,,,,,,,,1660,,,,,
,19,,,,3850,162,,257000,13,,,,,522,,,,,,,,,,,,,,,,,,,,,,,,,,,,,,,,36,,,,,,,,,,,,4000,,,,,,,,,,2300,,,,,,,,170,37,,,,,,,,,,,,,,,,,,,,,,,,,,,,,,,,,,,,,,,,,,1660,,,,,
,20,,,,3900,174,,262000,13,,,,,530,,,,,,,,,,,,,,,,,,,,,,,,,,,,,,,,38,,,,,,,,,,,,4000,,,,,,,,,,2600,,,,,,,,180,39,,,,,,,,,,,,,,,,,,,,,,,,,,,,,,,,,,,,,,,,,,1860,,,,,
,21,,,,3940,174,,267000,13,,,,,535,,,,,,,,,,,,,,,,,,,,,,,,,,,,,,,,38,,,,,,,,,,,,4000,,,,,,,,,,2600,,,,,,,,180,39,,,,,,,,,,,,,,,,,,,,,,,,,,,,,,,,,,,,,,,,,,1860,,,,,
,22,,,,3980,174,,272000,13,,,,,540,,,,,,,,,,,,,,,,,,,,,,,,,,,,,,,,38,,,,,,,,,,,,4000,,,,,,,,,,2600,,,,,,,,180,39,,,,,,,,,,,,,,,,,,,,,,,,,,,,,,,,,,,,,,,,,,1860,,,,,
,23,,,,4020,174,,277000,13,,,,,545,,,,,,,,,,,,,,,,,,,,,,,,,,,,,,,,38,,,,,,,,,,,,4000,,,,,,,,,,2600,,,,,,,,180,39,,,,,,,,,,,,,,,,,,,,,,,,,,,,,,,,,,,,,,,,,,1860,,,,,
,24,,,,4060,174,,282000,13,,,,,550,,,,,,,,,,,,,,,,,,,,,,,,,,,,,,,,38,,,,,,,,,,,,4000,,,,,,,,,,2600,,,,,,,,180,39,,,,,,,,,,,,,,,,,,,,,,,,,,,,,,,,,,,,,,,,,,1860,,,,,
,25,,,,4100,192,,295000,13,,,,,555,,,,,,,,,,,,,,,,,,,,,,,,,,,,,,,,40,,,,,,,,,,,,4000,,,,,,,,,,2800,,,,,,,,190,41,,,,,,,,,,,,,,,,,,,,,,,,,,,,,,,,,,,,,,,,,,1960,,,,,
,26,,,,4140,192,,300000,14,,,,,560,,,,,,,,,,,,,,,,,,,,,,,,,,,,,,,,40,,,,,,,,,,,,4000,,,,,,,,,,2800,,,,,,,,190,41,,,,,,,,,,,,,,,,,,,,,,,,,,,,,,,,,,,,,,,,,,1960,,,,,
,27,,,,4180,192,,305000,14,,,,,565,,,,,,,,,,,,,,,,,,,,,,,,,,,,,,,,40,,,,,,,,,,,,4000,,,,,,,,,,2800,,,,,,,,190,41,,,,,,,,,,,,,,,,,,,,,,,,,,,,,,,,,,,,,,,,,,1960,,,,,
,28,,,,4220,192,,310000,14,,,,,570,,,,,,,,,,,,,,,,,,,,,,,,,,,,,,,,40,,,,,,,,,,,,4000,,,,,,,,,,2800,,,,,,,,190,41,,,,,,,,,,,,,,,,,,,,,,,,,,,,,,,,,,,,,,,,,,1960,,,,,
,29,,,,4260,192,,315000,14,,,,,575,,,,,,,,,,,,,,,,,,,,,,,,,,,,,,,,40,,,,,,,,,,,,4000,,,,,,,,,,2800,,,,,,,,190,41,,,,,,,,,,,,,,,,,,,,,,,,,,,,,,,,,,,,,,,,,,1960,,,,,
,30,,,,4300,192,,325000,14,,,,,580,,,,,,,,,,,,,,,,,,,,,,,,,,,,,,,,42,,,,,,,,,,,,4000,,,,,,,,,,3000,,,,,,,,200,43,,,,,,,,,,,,,,,,,,,,,,,,,,,,,,,,,,,,,,,,,,2060,,,,,
,31,,,,4330,192,,330000,15,,,,,584,,,,,,,,,,,,,,,,,,,,,,,,,,,,,,,,42,,,,,,,,,,,,4000,,,,,,,,,,3000,,,,,,,,200,43,,,,,,,,,,,,,,,,,,,,,,,,,,,,,,,,,,,,,,,,,,2060,,,,,
,32,,,,4360,192,,335000,15,,,,,588,,,,,,,,,,,,,,,,,,,,,,,,,,,,,,,,42,,,,,,,,,,,,4000,,,,,,,,,,3000,,,,,,,,200,43,,,,,,,,,,,,,,,,,,,,,,,,,,,,,,,,,,,,,,,,,,2060,,,,,
,33,,,,4390,192,,340000,15,,,,,592,,,,,,,,,,,,,,,,,,,,,,,,,,,,,,,,42,,,,,,,,,,,,4000,,,,,,,,,,3000,,,,,,,,200,43,,,,,,,,,,,,,,,,,,,,,,,,,,,,,,,,,,,,,,,,,,2060,,,,,
,34,,,,4420,192,,345000,15,,,,,596,,,,,,,,,,,,,,,,,,,,,,,,,,,,,,,,42,,,,,,,,,,,,4000,,,,,,,,,,3000,,,,,,,,200,43,,,,,,,,,,,,,,,,,,,,,,,,,,,,,,,,,,,,,,,,,,2060,,,,,
,35,,,,4450,192,,347000,15,,,,,600,,,,,,,,,,,,,,,,,,,,,,,,,,,,,,,,44,,,,,,,,,,,,4000,,,,,,,,,,3200,,,,,,,,200,45,,,,,,,,,,,,,,,,,,,,,,,,,,,,,,,,,,,,,,,,,,2150,,,,,
,36,,,,4480,192,,349000,15,,,,,604,,,,,,,,,,,,,,,,,,,,,,,,,,,,,,,,44,,,,,,,,,,,,4000,,,,,,,,,,3200,,,,,,,,200,45,,,,,,,,,,,,,,,,,,,,,,,,,,,,,,,,,,,,,,,,,,2150,,,,,
,37,,,,4510,192,,351000,15,,,,,608,,,,,,,,,,,,,,,,,,,,,,,,,,,,,,,,44,,,,,,,,,,,,4000,,,,,,,,,,3200,,,,,,,,200,45,,,,,,,,,,,,,,,,,,,,,,,,,,,,,,,,,,,,,,,,,,2150,,,,,
,38,,,,4540,192,,353000,15,,,,,612,,,,,,,,,,,,,,,,,,,,,,,,,,,,,,,,44,,,,,,,,,,,,4000,,,,,,,,,,3200,,,,,,,,200,45,,,,,,,,,,,,,,,,,,,,,,,,,,,,,,,,,,,,,,,,,,2150,,,,,
,39,,,,4570,192,,355000,15,,,,,616,,,,,,,,,,,,,,,,,,,,,,,,,,,,,,,,44,,,,,,,,,,,,4000,,,,,,,,,,3200,,,,,,,,200,45,,,,,,,,,,,,,,,,,,,,,,,,,,,,,,,,,,,,,,,,,,2150,,,,,
,40,,,,4600,,,,15,,,,,620,,,,,,,,,,,,,,,,,,,,,,,,,,,,,,,,46,,,,,,,,,,,,4000,,,,,,,,,,3400,,,,,,,,200,47,,,,,,,,,,,,,,,,,,,,,,,,,,,,,,,,,,,,,,,,,,2240,,,,,
"Battle Copter",15,"TID_HERO_BATTLE_COPTER","TID_HERO_INFO_BATTLE_COPTER",180,2857,120,"Elixir2",2600000,8,600,,650,,112,1,,"sc/ui.sc","icon_hero_battlecopter","unit_battlecopter_big","sc/info_battlecopter.sc","icon_hero_battlecopter_small","sc/ui.sc","BattleCopterProjectile",,,,,,,,"TRUE","TRUE","TRUE","FALSE",,,,,,,,900,25,,"Building Ready",0,,"Elixir2",,"Warmachine Scream",0,-100,300,,,,,,,,,,,,,,,,,,"TID_HERO_ABILITY_BATTLE_COPTER","TID_HERO_ABILITY_BATTLE_COPTER_DESC","icon_hero_battlecopter_ability1","unit_battlecopter_ability_big",0,66,0,1200,,,,,,,,,,,,,,,,,,,,,,,,,2100,2500,,100,"TRUE",1,"TRUE",,,"BattleCopterDefault",,,,,"TRUE",,,"M","Battle Copter Dive 1;Battle Copter Dive 2;Battle Copter Dive 3","1;1;1","TRUE",2
,16,,,,2885,120,,2700000,8,,,,,116,,,,,,,,,,,,,,,,,,,,,,,,,,,,,,,,,,,,,,,,,,,,,,,,,,,,,,,,,,,,,,69,0,,,,,,,,,,,,,,,,,,,,,,,,,,,,,,,,,,,,,,,,,,,,,"1;1;1",,
,17,,,,2915,120,,2800000,8,,,,,119,,,,,,,,,,,,,,,,,,,,,,,,,,,,,,,,,,,,,,,,,,,,,,,,,,,,,,,,,,,,,,71,0,,,,,,,,,,,,,,,,,,,,,,,,,,,,,,,,,,,,,,,,,,,,,"1;1;1",,
,18,,,,2943,120,,2900000,8,,,,,123,,,,,,,,,,,,,,,,,,,,,,,,,,,,,,,,,,,,,,,,,,,,,,,,,,,,,,,,,,,,,,74,0,,,,,,,,,,,,,,,,,,,,,,,,,,,,,,,,,,,,,,,,,,,,,"1;1;1",,
,19,,,,2972,120,,3000000,8,,,,,126,,,,,,,,,,,,,,,,,,,,,,,,,,,,,,,,,,,,,,,,,,,,,,,,,,,,,,,,,,,,,,76,0,,,,,,,,,,,,,,,,,,,,,,,,,,,,,,,,,,,,,,,,,,,,,"1;1;1",,
,20,,,,3003,120,,3100000,8,,,,,130,,,,,,,,,,,,,,,,,,,,,,,,,,,,,,,,,,,,,,,,,,,,,,,,,,,,,,,,,,,,,,86,0,,,,,,,,,,,,,,,,,,,,,,,,,,,,,,,,,,,,,,,,,,,,,"2;2;2",,
,21,,,,3032,120,,3200000,8,,,,,134,,,,,,,,,,,,,,,,,,,,,,,,,,,,,,,,,,,,,,,,,,,,,,,,,,,,,,,,,,,,,,88,0,,,,,,,,,,,,,,,,,,,,,,,,,,,,,,,,,,,,,,,,,,,,,"2;2;2",,
,22,,,,3062,120,,3300000,8,,,,,137,,,,,,,,,,,,,,,,,,,,,,,,,,,,,,,,,,,,,,,,,,,,,,,,,,,,,,,,,,,,,,91,0,,,,,,,,,,,,,,,,,,,,,,,,,,,,,,,,,,,,,,,,,,,,,"2;2;2",,
,23,,,,3094,120,,3400000,8,,,,,141,,,,,,,,,,,,,,,,,,,,,,,,,,,,,,,,,,,,,,,,,,,,,,,,,,,,,,,,,,,,,,95,0,,,,,,,,,,,,,,,,,,,,,,,,,,,,,,,,,,,,,,,,,,,,,"2;2;2",,
,24,,,,3124,120,,3500000,8,,,,,144,,,,,,,,,,,,,,,,,,,,,,,,,,,,,,,,,,,,,,,,,,,,,,,,,,,,,,,,,,,,,,98,0,,,,,,,,,,,,,,,,,,,,,,,,,,,,,,,,,,,,,,,,,,,,,"2;2;2",,
,25,,,,3155,144,,3600000,8,,,,,148,,,,,,,,,,,,,,,,,,,,,,,,,,,,,,,,,,,,,,,,,,,,,,,,,,,,,,,,,,,,,,108,0,,,,,,,,,,,,,,,,,,,,,,,,,,,,,,,,,,,,,,,,,,,,,"3;3;3",,
,26,,,,3187,144,,3700000,9,,,,,153,,,,,,,,,,,,,,,,,,,,,,,,,,,,,,,,,,,,,,,,,,,,,,,,,,,,,,,,,,,,,,112,0,,,,,,,,,,,,,,,,,,,,,,,,,,,,,,,,,,,,,,,,,,,,,"3;3;3",,
,27,,,,3220,144,,3800000,9,,,,,157,,,,,,,,,,,,,,,,,,,,,,,,,,,,,,,,,,,,,,,,,,,,,,,,,,,,,,,,,,,,,,116,0,,,,,,,,,,,,,,,,,,,,,,,,,,,,,,,,,,,,,,,,,,,,,"3;3;3",,
,28,,,,3252,144,,3900000,9,,,,,162,,,,,,,,,,,,,,,,,,,,,,,,,,,,,,,,,,,,,,,,,,,,,,,,,,,,,,,,,,,,,,120,0,,,,,,,,,,,,,,,,,,,,,,,,,,,,,,,,,,,,,,,,,,,,,"3;3;3",,
,29,,,,3285,144,,4000000,9,,,,,166,,,,,,,,,,,,,,,,,,,,,,,,,,,,,,,,,,,,,,,,,,,,,,,,,,,,,,,,,,,,,,125,0,,,,,,,,,,,,,,,,,,,,,,,,,,,,,,,,,,,,,,,,,,,,,"3;3;3",,
,30,,,,3318,168,,4100000,9,,,,,171,,,,,,,,,,,,,,,,,,,,,,,,,,,,,,,,,,,,,,,,,,,,,,,,,,,,,,,,,,,,,,136,0,,,,,,,,,,,,,,,,,,,,,,,,,,,,,,,,,,,,,,,,,,,,,"4;4;4",,
,31,,,,3348,168,,4200000,10,,,,,175,,,,,,,,,,,,,,,,,,,,,,,,,,,,,,,,,,,,,,,,,,,,,,,,,,,,,,,,,,,,,,141,0,,,,,,,,,,,,,,,,,,,,,,,,,,,,,,,,,,,,,,,,,,,,,"4;4;4",,
,32,,,,3375,168,,4300000,10,,,,,180,,,,,,,,,,,,,,,,,,,,,,,,,,,,,,,,,,,,,,,,,,,,,,,,,,,,,,,,,,,,,,146,0,,,,,,,,,,,,,,,,,,,,,,,,,,,,,,,,,,,,,,,,,,,,,"4;4;4",,
,33,,,,3402,168,,4400000,10,,,,,184,,,,,,,,,,,,,,,,,,,,,,,,,,,,,,,,,,,,,,,,,,,,,,,,,,,,,,,,,,,,,,152,0,,,,,,,,,,,,,,,,,,,,,,,,,,,,,,,,,,,,,,,,,,,,,"4;4;4",,
,34,,,,3429,168,,4500000,10,,,,,189,,,,,,,,,,,,,,,,,,,,,,,,,,,,,,,,,,,,,,,,,,,,,,,,,,,,,,,,,,,,,,157,0,,,,,,,,,,,,,,,,,,,,,,,,,,,,,,,,,,,,,,,,,,,,,"4;4;4",,
,35,,,,3456,,,,10,,,,,193,,,,,,,,,,,,,,,,,,,,,,,,,,,,,,,,,,,,,,,,,,,,,,,,,,,,,,,,,,,,,,171,0,,,,,,,,,,,,,,,,,,,,,,,,,,,,,,,,,,,,,,,,,,,,,"5;5;5",,
