"Name","TroopLevel","Deprecated","TID","InfoTID","HousingSpace","BarrackLevel","LaboratoryLevel","Speed","Hitpoints","TrainingTime","TrainingResource","TrainingCost","UpgradeTimeH","UpgradeTimeM","UpgradeResource","UpgradeCost","DonateCost","DonateXP","DonateCount","AttackRange","AttackSpeed","CoolDownOverride","DPS","PreferedTargetDamageMod","DamageRadius","AreaDamageIgnoresWalls","SelfAsAoeCenter","IconSWF","IconExportName","BigPicture","BigPictureSWF","Projectile","AltProjectile","PreferedTargetBuilding","PreferedTargetBuildingClass","PreferredTargetNoTargeting","DeployEffect","AttackEffect","AttackEffect2","HitEffect","HitEffect2","IsFlying","AirTargets","GroundTargets","AttackCount","DieEffect","DieEffect2","Animation","ProductionBuilding","IsJumper","MovementOffsetAmount","MovementOffsetSpeed","TombStone","DieDamage","DieDamageRadius","DieDamageEffect","DieDamageDelay","DisableProduction","SecondaryTroop","IsSecondaryTroop","SecondaryTroopCnt","SecondarySpawnDist","RandomizeSecSpawnDist","PickNewTargetAfterPushback","PushbackSpeed","SummonTroop","SummonTroopCount","SummonCooldown","SummonEffect","SummonLimit","SpawnIdle","SpawnOnAttack","StrengthWeight","AuraSpell","AuraSpellLevel","SpeedDecreasePerChildTroopLost","ChildTroop0_X","ChildTroop0_Y","ChildTroop1_X","WallMovementCost","BurstCount","BurstDelay","AttackMultipleBuildings","IncreasingDamage","DPSLv2","DPSLv3","Lv2SwitchTime","Lv3SwitchTime","AttackEffectLv2","AttackEffectLv3","AttackEffectLv4","TransitionEffectLv2","TransitionEffectLv3","TransitionEffectLv4","TargetedEffectOffset","SecondarySpawnOffset","CustomDefenderIcon","SpecialMovementMod","InvisibilityRadius","HealthReductionPerSecond","AutoMergeDistance","AutoMergeGroupSize","IsUnderground","ProjectileBounces","FriendlyGroupWeight","EnemyGroupWeight","NewTargetAttackDelay","TriggersTraps","ChainShootingDistance","ChainAttackDistance","ChainAttackMaxTargets","ChainAttackDelay","ChainAttackDamageReductionPercent","ChainAttackEffect","PreAttackEffect","MoveStartsEffect","UndergroundEffect","UnderwaterEffect","BecomesTargetableEffect","BoostedIfAlone","BoostRadius","BoostDmgPerfect","BoostAttackSpeed","HideEffect","VillageType","UnitsInCamp","SpecialAbilityLevel","SpecialAbilityName","SpecialAbilityInfo","SpecialAbilityType","SpecialAbilityAttribute","SpecialAbilityAttribute2","SpecialAbilityAttribute3","SpecialAbilitySpell","SpecialAbilityEffect","SpecialAbilityIcon","DisableDonate","ScaleByTH","EnabledByCalendar","EnabledBySuperLicence","LoseHpPerTick","LoseHpInterval","UpgradeLevelByTH","EvolveToCharacter","EvolveEffect","EvolveOnDamageDealt","EvolveTime","CanAttackWhileMoving","PreferredMovementTarget","RetargetAfterHit","Damage2","Damage2Radius","Damage2Delay","Damage2Min","Damage2FalloffStart","Damage2FalloffEnd","DamageMultiplierTarget","DamageMultiplierPercent","FrostOnHitTime","FrostOnHitPercent","DoesNotOpenCC","DefensiveTroop","DamageReductionToStorages","BunkerTroops","BunkerTroopCount1","BunkerTroopCount2","BunkerDegenerationTime","BunkerSpawnDist","HeroDamageMultiplier","PenetratingProjectile","PenetratingRadius","PenetratingExtraRange","ImmuneToHealing","PreferHeroes","HealerWeight","SpecialAbilities","SpecialAbilitiesLevel","ReflectsDamage","LeashLength","DefaultSkin","HeroDeathAbilityLevel","HeroDeathAbilityType","HeroDeathAbilitySpell","CarriesMaster","PreferMasterTarget","SummonsInheritMaster","RecallWithMaster","PreviewScenario"
"String","int","boolean","String","String","int","int","int","int","int","int","String","int","int","int","String","int","int","int","int","int","int","int","int","int","int","boolean","boolean","String","String","String","String","String","String","String","String","boolean","String","String","String","String","String","boolean","boolean","boolean","int","String","String","String","String","boolean","int","int","String","int","int","String","int","boolean","String","boolean","int","int","boolean","boolean","int","String","int","int","String","int","int","boolean","int","String","int","int","int","int","int","int","int","int","boolean","boolean","int","int","int","int","String","String","String","String","String","String","int","int","String","int","int","int","int","int","boolean","int","int","int","int","boolean","int","int","int","int","int","String","String","String","String","String","String","boolean","int","int","int","String","int","int","int","String","String","String","int","int","int","String","String","String","boolean","boolean","boolean","boolean","int","int","int","String","String","int","int","boolean","String","boolean","int","int","int","int","int","int","String","int","int","int","boolean","String","int","String","int","int","int","int","int","boolean","int","int","boolean","boolean","int","String","String","boolean","int","String","int","String","String","boolean","boolean","boolean","boolean","String"
"Barky",1,,"TID_PET_MELEEJUMPER","TID_PET_MELEEJUMPER_INFO",20,,1,400,2700,999,"DarkElixir",1,72,,"DarkElixir",100000,20,,,60,900,,150,,,,,"sc/ui.sc","icon_unit_pet_barksy","unit_pet_lassi_big","sc/info_pet_lassi.sc",,,,,,"Barky Deploy","Barky Attack",,"Miner Hit",,"FALSE","FALSE","TRUE",,"Barky Die",,"PetLassiDefault",,"TRUE",,0,,,,,,"TRUE",,,,,,,,,,,,,100,,1960,,,,,,,,,,,,,,,,,,,,,,-50,,,,,,,,,,300,400,,"TRUE",,,,,,,,,,,,,,,,,,,,"TID_PET_ABILITY_BARKY","TID_PET_ABILITY_INFO_BARKY",,,,,,,,,,,,,,,,,,,,,,,,,,,,,,,,,,,,,,,,,,,,,,,,,,200,"PetLassiDefault",,,,,,,,"Pet1"
,2,,,,,,1,,2800,,,2,96,,,110000,,,,,,,160,,,,,,,,,,,,,,,,,,,,,,,,,,,,,,,,,,,,,,,,,,,,,,,,,,2020,,,,,,,,,,,,,,,,,,,,,,,,,,,,,,,,,,,,,,,,,,,,,,,,,,,,,,,,,,,,,,,,,,,,,,,,,,,,,,,,,,,,,,,,,,,,,,,,,,,,,,,,,,,,,,,,,,,
,3,,,,,,1,,2900,,,3,108,,,125000,,,,,,,170,,,,,,,,,,,,,,,,,,,,,,,,,,,,,,,,,,,,,,,,,,,,,,,,,,2080,,,,,,,,,,,,,,,,,,,,,,,,,,,,,,,,,,,,,,,,,,,,,,,,,,,,,,,,,,,,,,,,,,,,,,,,,,,,,,,,,,,,,,,,,,,,,,,,,,,,,,,,,,,,,,,,,,,
,4,,,,,,1,,3000,,,4,120,,,135000,,,,,,,180,,,,,,,,,,,,,,,,,,,,,,,,,,,,,,,,,,,,,,,,,,,,,,,,,,2140,,,,,,,,,,,,,,,,,,,,,,,,,,,,,,,,,,,,,,,,,,,,,,,,,,,,,,,,,,,,,,,,,,,,,,,,,,,,,,,,,,,,,,,,,,,,,,,,,,,,,,,,,,,,,,,,,,,
,5,,,,,,1,,3100,,,5,132,,,150000,,,,,,,190,,,,,,,,,,,,,,,,,,,,,,,,,,,,,,,,,,,,,,,,,,,,,,,,,,2200,,,,,,,,,,,,,,,,,,,,,,,,,,,,,,,,,,,,,,,,,,,,,,,,,,,,,,,,,,,,,,,,,,,,,,,,,,,,,,,,,,,,,,,,,,,,,,,,,,,,,,,,,,,,,,,,,,,
,6,,,,,,1,,3200,,,6,144,,,160000,,,,,,,200,,,,,,,,,,,,,,,,,,,,,,,,,,,,,,,,,,,,,,,,,,,,,,,,,,2260,,,,,,,,,,,,,,,,,,,,,,,,,,,,,,,,,,,,,,,,,,,,,,,,,,,,,,,,,,,,,,,,,,,,,,,,,,,,,,,,,,,,,,,,,,,,,,,,,,,,,,,,,,,,,,,,,,,
,7,,,,,,1,,3300,,,7,156,,,175000,,,,,,,210,,,,,,,,,,,,,,,,,,,,,,,,,,,,,,,,,,,,,,,,,,,,,,,,,,2320,,,,,,,,,,,,,,,,,,,,,,,,,,,,,,,,,,,,,,,,,,,,,,,,,,,,,,,,,,,,,,,,,,,,,,,,,,,,,,,,,,,,,,,,,,,,,,,,,,,,,,,,,,,,,,,,,,,
,8,,,,,,1,,3400,,,8,168,,,185000,,,,,,,220,,,,,,,,,,,,,,,,,,,,,,,,,,,,,,,,,,,,,,,,,,,,,,,,,,2380,,,,,,,,,,,,,,,,,,,,,,,,,,,,,,,,,,,,,,,,,,,,,,,,,,,,,,,,,,,,,,,,,,,,,,,,,,,,,,,,,,,,,,,,,,,,,,,,,,,,,,,,,,,,,,,,,,,
,9,,,,,,1,,3500,,,9,180,,,200000,,,,,,,230,,,,,,,,,,,,,,,,,,,,,,,,,,,,,,,,,,,,,,,,,,,,,,,,,,2440,,,,,,,,,,,,,,,,,,,,,,,,,,,,,,,,,,,,,,,,,,,,,,,,,,,,,,,,,,,,,,,,,,,,,,,,,,,,,,,,,,,,,,,,,,,,,,,,,,,,,,,,,,,,,,,,,,,
,10,,,,,,1,,3600,,,10,192,,,215000,,,,,,,240,,,,,,,,,,,,,,,,,,,,,,,,,,,,,,,,,,,,,,,,,,,,,,,,,,2500,,,,,,,,,,,,,,,,,,,,,,,,,,,,,,,,,,,,,,,,,,,,,,,,,,,,,,,,,,,,,,,,,,,,,,,,,,,,,,,,,,,,,,,,,,,,,,,,,,,,,,,,,,,,,,,,,,,
,11,,,,,,5,,3700,,,11,192,,,230000,,,,,,,250,,,,,,,,,,,,,,,,,,,,,,,,,,,,,,,,,,,,,,,,,,,,,,,,,,2520,,,,,,,,,,,,,,,,,,,,,,,,,,,,,,,,,,,,,,,,,,,,,,,,,,,,,,,,,,,,,,,,,,,,,,,,,,,,,,,,,,,,,,,,,,,,,,,,,,,,,,,,,,,,,,,,,,,
,12,,,,,,5,,3800,,,12,192,,,245000,,,,,,,260,,,,,,,,,,,,,,,,,,,,,,,,,,,,,,,,,,,,,,,,,,,,,,,,,,2540,,,,,,,,,,,,,,,,,,,,,,,,,,,,,,,,,,,,,,,,,,,,,,,,,,,,,,,,,,,,,,,,,,,,,,,,,,,,,,,,,,,,,,,,,,,,,,,,,,,,,,,,,,,,,,,,,,,
,13,,,,,,5,,3900,,,13,192,,,260000,,,,,,,270,,,,,,,,,,,,,,,,,,,,,,,,,,,,,,,,,,,,,,,,,,,,,,,,,,2560,,,,,,,,,,,,,,,,,,,,,,,,,,,,,,,,,,,,,,,,,,,,,,,,,,,,,,,,,,,,,,,,,,,,,,,,,,,,,,,,,,,,,,,,,,,,,,,,,,,,,,,,,,,,,,,,,,,
,14,,,,,,5,,4000,,,14,192,,,275000,,,,,,,280,,,,,,,,,,,,,,,,,,,,,,,,,,,,,,,,,,,,,,,,,,,,,,,,,,2580,,,,,,,,,,,,,,,,,,,,,,,,,,,,,,,,,,,,,,,,,,,,,,,,,,,,,,,,,,,,,,,,,,,,,,,,,,,,,,,,,,,,,,,,,,,,,,,,,,,,,,,,,,,,,,,,,,,
,15,,,,,,5,,4100,,,15,,,,,,,,,,,290,,,,,,,,,,,,,,,,,,,,,,,,,,,,,,,,,,,,,,,,,,,,,,,,,,2600,,,,,,,,,,,,,,,,,,,,,,,,,,,,,,,,,,,,,,,,,,,,,,,,,,,,,,,,,,,,,,,,,,,,,,,,,,,,,,,,,,,,,,,,,,,,,,,,,,,,,,,,,,,,,,,,,,,
"Bulldozer",1,,"TID_PET_WALLBUSTER","TID_PET_WALLBUSTER_INFO",20,,3,300,3750,999,"DarkElixir",1,72,,"DarkElixir",140000,20,,,120,2100,,60,,,,,"sc/ui.sc","icon_unit_pet_bulldozer","unit_pet_mightyyak_big","sc/info_pet_mightyyak.sc",,,,,,"Bulldozer Deploy","Bulldozer Attack",,"Golem Hit",,"FALSE","FALSE","TRUE",,"Bulldozer Die",,"PetYakDefault",,"FALSE",,0,,,,,,"TRUE",,,,,,,,,,,,,100,,1750,,,,,,,64,,,,,,,,,,,,,,,-50,,,,,,,,,,300,400,100,"TRUE",,,,,,,,,,,,,,,,,,,,"TID_PET_ABILITY_BULLDOZER","TID_PET_ABILITY_INFO_BULLDOZER",,,,,,,,,,,,,,,,,,,,,,,,,,,,"Wall",2000,,,,,,,,,,,,,,,,,,,,,581,"PetYakDefault",2,"BoostSelf","TroopRage",,,,,"Pet3"
,2,,,,,,3,,4000,,,2,96,,,155000,,,,,,,64,,,,,,,,,,,,,,,,,,,,,,,,,,,,,,,,,,,,,,,,,,,,,,,,,,1780,,,,,,,,,,,,,,,,,,,,,,,,,,,,,,,,,,,,,,,,,,,,,,,,,,,,,,,,,,,,,,,,,,,,,,,,,,,,,,,,,,,,,,,,,,,,,,,,,,,,,,,,,,,,2,,,,,,,
,3,,,,,,3,,4250,,,3,108,,,175000,,,,,,,68,,,,,,,,,,,,,,,,,,,,,,,,,,,,,,,,,,,,,,,,,,,,,,,,,,1810,,,,,,,,,,,,,,,,,,,,,,,,,,,,,,,,,,,,,,,,,,,,,,,,,,,,,,,,,,,,,,,,,,,,,,,,,,,,,,,,,,,,,,,,,,,,,,,,,,,,,,,,,,,,2,,,,,,,
,4,,,,,,3,,4500,,,4,120,,,190000,,,,,,,72,,,,,,,,,,,,,,,,,,,,,,,,,,,,,,,,,,,,,,,,,,,,,,,,,,1840,,,,,,,,,,,,,,,,,,,,,,,,,,,,,,,,,,,,,,,,,,,,,,,,,,,,,,,,,,,,,,,,,,,,,,,,,,,,,,,,,,,,,,,,,,,,,,,,,,,,,,,,,,,,2,,,,,,,
,5,,,,,,3,,4750,,,5,132,,,210000,,,,,,,76,,,,,,,,,,,,,,,,,,,,,,,,,,,,,,,,,,,,,,,,,,,,,,,,,,1870,,,,,,,,,,,,,,,,,,,,,,,,,,,,,,,,,,,,,,,,,,,,,,,,,,,,,,,,,,,,,,,,,,,,,,,,,,,,,,,,,,,,,,,,,,,,,,,,,,,,,,,,,,,,2,,,,,,,
,6,,,,,,3,,4950,,,6,144,,,215000,,,,,,,80,,,,,,,,,,,,,,,,,,,,,,,,,,,,,,,,,,,,,,,,,,,,,,,,,,1900,,,,,,,,,,,,,,,,,,,,,,,,,,,,,,,,,,,,,,,,,,,,,,,,,,,,,,,,,,,,,,,,,,,,,,,,,,,,,,,,,,,,,,,,,,,,,,,,,,,,,,,,,,,,2,,,,,,,
,7,,,,,,3,,5100,,,7,156,,,225000,,,,,,,84,,,,,,,,,,,,,,,,,,,,,,,,,,,,,,,,,,,,,,,,,,,,,,,,,,1930,,,,,,,,,,,,,,,,,,,,,,,,,,,,,,,,,,,,,,,,,,,,,,,,,,,,,,,,,,,,,,,,,,,,,,,,,,,,,,,,,,,,,,,,,,,,,,,,,,,,,,,,,,,,2,,,,,,,
,8,,,,,,3,,5250,,,8,168,,,230000,,,,,,,88,,,,,,,,,,,,,,,,,,,,,,,,,,,,,,,,,,,,,,,,,,,,,,,,,,1960,,,,,,,,,,,,,,,,,,,,,,,,,,,,,,,,,,,,,,,,,,,,,,,,,,,,,,,,,,,,,,,,,,,,,,,,,,,,,,,,,,,,,,,,,,,,,,,,,,,,,,,,,,,,2,,,,,,,
,9,,,,,,3,,5400,,,9,180,,,240000,,,,,,,92,,,,,,,,,,,,,,,,,,,,,,,,,,,,,,,,,,,,,,,,,,,,,,,,,,1990,,,,,,,,,,,,,,,,,,,,,,,,,,,,,,,,,,,,,,,,,,,,,,,,,,,,,,,,,,,,,,,,,,,,,,,,,,,,,,,,,,,,,,,,,,,,,,,,,,,,,,,,,,,,2,,,,,,,
,10,,,,,,3,,5550,,,10,192,,,250000,,,,,,,96,,,,,,,,,,,,,,,,,,,,,,,,,,,,,,,,,,,,,,,,,,,,,,,,,,2020,,,,,,,,,,,,,,,,,,,,,,,,,,,,,,,,,,,,,,,,,,,,,,,,,,,,,,,,,,,,,,,,,,,,,,,,,,,,,,,,,,,,,,,,,,,,,,,,,,,,,,,,,,,,2,,,,,,,
,11,,,,,,7,,5700,,,11,192,,,260000,,,,,,,100,,,,,,,,,,,,,,,,,,,,,,,,,,,,,,,,,,,,,,,,,,,,,,,,,,2040,,,,,,,,,,,,,,,,,,,,,,,,,,,,,,,,,,,,,,,,,,,,,,,,,,,,,,,,,,,,,,,,,,,,,,,,,,,,,,,,,,,,,,,,,,,,,,,,,,,,,,,,,,,,2,,,,,,,
,12,,,,,,7,,5850,,,12,192,,,270000,,,,,,,104,,,,,,,,,,,,,,,,,,,,,,,,,,,,,,,,,,,,,,,,,,,,,,,,,,2060,,,,,,,,,,,,,,,,,,,,,,,,,,,,,,,,,,,,,,,,,,,,,,,,,,,,,,,,,,,,,,,,,,,,,,,,,,,,,,,,,,,,,,,,,,,,,,,,,,,,,,,,,,,,2,,,,,,,
,13,,,,,,7,,6000,,,13,192,,,280000,,,,,,,108,,,,,,,,,,,,,,,,,,,,,,,,,,,,,,,,,,,,,,,,,,,,,,,,,,2080,,,,,,,,,,,,,,,,,,,,,,,,,,,,,,,,,,,,,,,,,,,,,,,,,,,,,,,,,,,,,,,,,,,,,,,,,,,,,,,,,,,,,,,,,,,,,,,,,,,,,,,,,,,,2,,,,,,,
,14,,,,,,7,,6150,,,14,192,,,290000,,,,,,,112,,,,,,,,,,,,,,,,,,,,,,,,,,,,,,,,,,,,,,,,,,,,,,,,,,2100,,,,,,,,,,,,,,,,,,,,,,,,,,,,,,,,,,,,,,,,,,,,,,,,,,,,,,,,,,,,,,,,,,,,,,,,,,,,,,,,,,,,,,,,,,,,,,,,,,,,,,,,,,,,2,,,,,,,
,15,,,,,,7,,6300,,,15,,,,,,,,,,,116,,,,,,,,,,,,,,,,,,,,,,,,,,,,,,,,,,,,,,,,,,,,,,,,,,2120,,,,,,,,,,,,,,,,,,,,,,,,,,,,,,,,,,,,,,,,,,,,,,,,,,,,,,,,,,,,,,,,,,,,,,,,,,,,,,,,,,,,,,,,,,,,,,,,,,,,,,,,,,,,2,,,,,,,
"Electrowl",1,,"TID_PET_RANGEDATTACKER","TID_PET_RANGEDATTACKER_INFO",20,,2,250,1600,9999,"DarkElixir",1,72,,"DarkElixir",115000,20,,,550,1400,,100,,,,,"sc/ui.sc","icon_unit_pet_electrowl","unit_pet_electro_owl_big","sc/info_pet_electro_owl.sc",,,,,,"Laser Owl Deploy","Laser Owl Attack",,"Mega Tesla Hit",,"TRUE","TRUE","TRUE",,"Laser Owl Die",,"PetEowlDefault",,"FALSE",,30,,,,,,"TRUE",,,,,,,,,,,,,100,,3550,,,,,,,,,,,,,,,,,,,,,,60,,,,,,,,,,300,400,,"FALSE",,300,2,128,20,"MegaTesla Attack_1_chain",,,,,,,,,,,,,,"TID_PET_ABILITY_ELECTROWL","TID_PET_ABILITY_INFO_ELECTROWL",,,,,,,,,,,,,,,,,,,,,,,,,,,,,,,,,,,,,,,,,,,,,,,,,,0,"PetEowlDefault",,,,,,,,"Pet2"
,2,,,,,,2,,1700,,,2,96,,,130000,,,,,,,105,,,,,,,,,,,,,,,,,,,,,,,,,,,,,,,,,,,,,,,,,,,,,,,,,,3600,,,,,,,,,,,,,,,,,,,,,,,,,,,,,,,,,,,,,,,,,,,,,,,,,,,,,,,,,,,,,,,,,,,,,,,,,,,,,,,,,,,,,,,,,,,,,,,,,,,,,,,,,,,,,,,,,,,
,3,,,,,,2,,1800,,,3,108,,,140000,,,,,,,110,,,,,,,,,,,,,,,,,,,,,,,,,,,,,,,,,,,,,,,,,,,,,,,,,,3650,,,,,,,,,,,,,,,,,,,,,,,,,,,,,,,,,,,,,,,,,,,,,,,,,,,,,,,,,,,,,,,,,,,,,,,,,,,,,,,,,,,,,,,,,,,,,,,,,,,,,,,,,,,,,,,,,,,
,4,,,,,,2,,1900,,,4,120,,,155000,,,,,,,115,,,,,,,,,,,,,,,,,,,,,,,,,,,,,,,,,,,,,,,,,,,,,,,,,,3700,,,,,,,,,,,,,,,,,,,,,,,,,,,,,,,,,,,,,,,,,,,,,,,,,,,,,,,,,,,,,,,,,,,,,,,,,,,,,,,,,,,,,,,,,,,,,,,,,,,,,,,,,,,,,,,,,,,
,5,,,,,,2,,2000,,,5,132,,,165000,,,,,,,120,,,,,,,,,,,,,,,,,,,,,,,,,,,,,,,,,,,,,,,,,,,,,,,,,,3750,,,,,,,,,,,,,,,,,,,,,,,,,,,,,,,,,,,,,,,,,,,,,,,,,,,,,,,,,,,,,,,,,,,,,,,,,,,,,,,,,,,,,,,,,,,,,,,,,,,,,,,,,,,,,,,,,,,
,6,,,,,,2,,2100,,,6,144,,,180000,,,,,,,125,,,,,,,,,,,,,,,,,,,,,,,,,,,,,,,,,,,,,,,,,,,,,,,,,,3800,,,,,,,,,,,,,,,,,,,,,,,,,,,,,,,,,,,,,,,,,,,,,,,,,,,,,,,,,,,,,,,,,,,,,,,,,,,,,,,,,,,,,,,,,,,,,,,,,,,,,,,,,,,,,,,,,,,
,7,,,,,,2,,2200,,,7,156,,,190000,,,,,,,130,,,,,,,,,,,,,,,,,,,,,,,,,,,,,,,,,,,,,,,,,,,,,,,,,,3850,,,,,,,,,,,,,,,,,,,,,,,,,,,,,,,,,,,,,,,,,,,,,,,,,,,,,,,,,,,,,,,,,,,,,,,,,,,,,,,,,,,,,,,,,,,,,,,,,,,,,,,,,,,,,,,,,,,
,8,,,,,,2,,2300,,,8,168,,,205000,,,,,,,135,,,,,,,,,,,,,,,,,,,,,,,,,,,,,,,,,,,,,,,,,,,,,,,,,,3900,,,,,,,,,,,,,,,,,,,,,,,,,,,,,,,,,,,,,,,,,,,,,,,,,,,,,,,,,,,,,,,,,,,,,,,,,,,,,,,,,,,,,,,,,,,,,,,,,,,,,,,,,,,,,,,,,,,
,9,,,,,,2,,2400,,,9,180,,,215000,,,,,,,140,,,,,,,,,,,,,,,,,,,,,,,,,,,,,,,,,,,,,,,,,,,,,,,,,,3950,,,,,,,,,,,,,,,,,,,,,,,,,,,,,,,,,,,,,,,,,,,,,,,,,,,,,,,,,,,,,,,,,,,,,,,,,,,,,,,,,,,,,,,,,,,,,,,,,,,,,,,,,,,,,,,,,,,
,10,,,,,,2,,2500,,,10,,,,,,,,,,,145,,,,,,,,,,,,,,,,,,,,,,,,,,,,,,,,,,,,,,,,,,,,,,,,,,4000,,,,,,,,,,,,,,,,,,,,,,,,,,,,,,,,,,,,,,,,,,,,,,,,,,,,,,,,,,,,,,,,,,,,,,,,,,,,,,,,,,,,,,,,,,,,,,,,,,,,,,,,,,,,,,,,,,,
"Unipony",1,,"TID_PET_HEALER","TID_PET_HEALER_INFO",20,,4,200,1400,999,"DarkElixir",1,72,,"DarkElixir",180000,20,,,250,1000,,-50,1,,,,"sc/ui.sc","icon_unit_pet_unipony","unit_pet_unicorn_big","sc/info_pet_unicorn.sc","UnicornHealEnergy",,,,,"Pony Deploy","Pony Attack",,"Unicorn Hit",,"FALSE","TRUE","TRUE",,"Pony Die",,"PetUnicornDefault",,"TRUE",,50,,,,,,"TRUE",,,,,,,,,,,,,100,,4550,,,,,,,,,,,,,,,,,,,,,,-50,,,,,,,,,,300,400,,"TRUE",,,,,,,,,,,,,,,,,,,,"TID_PET_ABILITY_UNIPONY","TID_PET_ABILITY_INFO_UNIPONY",,,,,,,,,,,,,,,,,,,,,,,,,,,,,,,,,,,,,,,,100,,,,,,,,,,0,"PetUnicornDefault",,,,,,,,"Pet2"
,2,,,,,,4,,1450,,,2,96,,,190000,,,,,,,-53,,,,,,,,,,,,,,,,,,,,,,,,,,,,,,,,,,,,,,,,,,,,,,,,,,4600,,,,,,,,,,,,,,,,,,,,,,,,,,,,,,,,,,,,,,,,,,,,,,,,,,,,,,,,,,,,,,,,,,,,,,,,,,,,,,,,,,,,,,,,,,,,,,,,100,,,,,,,,,,,,,,,,,,,
,3,,,,,,4,,1500,,,3,108,,,200000,,,,,,,-56,,,,,,,,,,,,,,,,,,,,,,,,,,,,,,,,,,,,,,,,,,,,,,,,,,4650,,,,,,,,,,,,,,,,,,,,,,,,,,,,,,,,,,,,,,,,,,,,,,,,,,,,,,,,,,,,,,,,,,,,,,,,,,,,,,,,,,,,,,,,,,,,,,,,100,,,,,,,,,,,,,,,,,,,
,4,,,,,,4,,1550,,,4,120,,,210000,,,,,,,-58,,,,,,,,,,,,,,,,,,,,,,,,,,,,,,,,,,,,,,,,,,,,,,,,,,4700,,,,,,,,,,,,,,,,,,,,,,,,,,,,,,,,,,,,,,,,,,,,,,,,,,,,,,,,,,,,,,,,,,,,,,,,,,,,,,,,,,,,,,,,,,,,,,,,100,,,,,,,,,,,,,,,,,,,
,5,,,,,,4,,1600,,,5,132,,,220000,,,,,,,-60,,,,,,,,,,,,,,,,,,,,,,,,,,,,,,,,,,,,,,,,,,,,,,,,,,4750,,,,,,,,,,,,,,,,,,,,,,,,,,,,,,,,,,,,,,,,,,,,,,,,,,,,,,,,,,,,,,,,,,,,,,,,,,,,,,,,,,,,,,,,,,,,,,,,100,,,,,,,,,,,,,,,,,,,
,6,,,,,,4,,1675,,,6,144,,,230000,,,,,,,-62,,,,,,,,,,,,,,,,,,,,,,,,,,,,,,,,,,,,,,,,,,,,,,,,,,4800,,,,,,,,,,,,,,,,,,,,,,,,,,,,,,,,,,,,,,,,,,,,,,,,,,,,,,,,,,,,,,,,,,,,,,,,,,,,,,,,,,,,,,,,,,,,,,,,100,,,,,,,,,,,,,,,,,,,
,7,,,,,,4,,1725,,,7,156,,,240000,,,,,,,-64,,,,,,,,,,,,,,,,,,,,,,,,,,,,,,,,,,,,,,,,,,,,,,,,,,4850,,,,,,,,,,,,,,,,,,,,,,,,,,,,,,,,,,,,,,,,,,,,,,,,,,,,,,,,,,,,,,,,,,,,,,,,,,,,,,,,,,,,,,,,,,,,,,,,100,,,,,,,,,,,,,,,,,,,
,8,,,,,,4,,1800,,,8,168,,,250000,,,,,,,-66,,,,,,,,,,,,,,,,,,,,,,,,,,,,,,,,,,,,,,,,,,,,,,,,,,4900,,,,,,,,,,,,,,,,,,,,,,,,,,,,,,,,,,,,,,,,,,,,,,,,,,,,,,,,,,,,,,,,,,,,,,,,,,,,,,,,,,,,,,,,,,,,,,,,100,,,,,,,,,,,,,,,,,,,
,9,,,,,,4,,1875,,,9,180,,,260000,,,,,,,-68,,,,,,,,,,,,,,,,,,,,,,,,,,,,,,,,,,,,,,,,,,,,,,,,,,4950,,,,,,,,,,,,,,,,,,,,,,,,,,,,,,,,,,,,,,,,,,,,,,,,,,,,,,,,,,,,,,,,,,,,,,,,,,,,,,,,,,,,,,,,,,,,,,,,100,,,,,,,,,,,,,,,,,,,
,10,,,,,,4,,1950,,,10,,,,,,,,,,,-70,,,,,,,,,,,,,,,,,,,,,,,,,,,,,,,,,,,,,,,,,,,,,,,,,,5000,,,,,,,,,,,,,,,,,,,,,,,,,,,,,,,,,,,,,,,,,,,,,,,,,,,,,,,,,,,,,,,,,,,,,,,,,,,,,,,,,,,,,,,,,,,,,,,,100,,,,,,,,,,,,,,,,,,,
"Phoenix",1,,"TID_PET_PHOENIX","TID_PET_PHOENIX_INFO",20,,8,200,3120,120,"DarkElixir",1,72,,"DarkElixir",195000,20,,,250,1000,,178,,30,,,"sc/ui.sc","icon_unit_pet_phoenix","unit_pet_phoenix_big","sc/info_pet_phoenix.sc","PhoenixProjectile",,,,,"Phoenix Deploy","Phoenix Attack",,"Dragon Hit",,"TRUE","TRUE","TRUE",,"Phoenix Die",,"PhoenixDefault",,"FALSE",,15,,,,,,"TRUE","PhoenixEgg",,,,,,,,,,,,576,,1830,,,,,,,,,,,,,,,,,,,,,,60,,,,,,,,,,300,400,,"TRUE",,,,,,,,,,,,,,,,,,,1,"TID_PET_PHOENIX_ABILITY","TID_PET_PHOENIX_ABILITY_INFO","BoostUnitOnDeploy",4,,,"PhoenixImmortality",,,,,,,,,,,,,,,,,,,,,,,,,,,,,,,,,,,,,,,,,,,,,0,"PetPhoenixDefault",,,,,"TRUE","TRUE",,"Pet5"
,2,,,,,,8,,3240,,,2,96,,,205000,,,,,,,186,,,,,,,,,,,,,,,,,,,,,,,,,,,,,,,,,,,,,,,,,,,,,,,,,,1840,,,,,,,,,,,,,,,,,,,,,,,,,,,,,,,,,,,,,,,,,,,,,,,,,,,,,,1,,,,4,,,,,,,,,,,,,,,,,,,,,,,,,,,,,,,,,,,,,,,,,,,,,,,,,,,,,,,,,
,3,,,,,,8,,3360,,,3,120,,,210000,,,,,,,194,,,,,,,,,,,,,,,,,,,,,,,,,,,,,,,,,,,,,,,,,,,,,,,,,,1850,,,,,,,,,,,,,,,,,,,,,,,,,,,,,,,,,,,,,,,,,,,,,,,,,,,,,,1,,,,4,,,,,,,,,,,,,,,,,,,,,,,,,,,,,,,,,,,,,,,,,,,,,,,,,,,,,,,,,
,4,,,,,,8,,3480,,,4,132,,,220000,,,,,,,202,,,,,,,,,,,,,,,,,,,,,,,,,,,,,,,,,,,,,,,,,,,,,,,,,,1860,,,,,,,,,,,,,,,,,,,,,,,,,,,,,,,,,,,,,,,,,,,,,,,,,,,,,,1,,,,4,,,,,,,,,,,,,,,,,,,,,,,,,,,,,,,,,,,,,,,,,,,,,,,,,,,,,,,,,
,5,,,,,,8,,3600,,,5,144,,,225000,,,,,,,210,,,,,,,,,,,,,,,,,,,,,,,,,,,,,,,,,,,,,,,,,,,,,,,,,,1870,,,,,,,,,,,,,,,,,,,,,,,,,,,,,,,,,,,,,,,,,,,,,,,,,,,,,,2,,,,6,,,,,,,,,,,,,,,,,,,,,,,,,,,,,,,,,,,,,,,,,,,,,,,,,,,,,,,,,
,6,,,,,,8,,3720,,,6,156,,,235000,,,,,,,218,,,,,,,,,,,,,,,,,,,,,,,,,,,,,,,,,,,,,,,,,,,,,,,,,,1880,,,,,,,,,,,,,,,,,,,,,,,,,,,,,,,,,,,,,,,,,,,,,,,,,,,,,,2,,,,6,,,,,,,,,,,,,,,,,,,,,,,,,,,,,,,,,,,,,,,,,,,,,,,,,,,,,,,,,
,7,,,,,,8,,3840,,,7,168,,,240000,,,,,,,226,,,,,,,,,,,,,,,,,,,,,,,,,,,,,,,,,,,,,,,,,,,,,,,,,,1890,,,,,,,,,,,,,,,,,,,,,,,,,,,,,,,,,,,,,,,,,,,,,,,,,,,,,,2,,,,6,,,,,,,,,,,,,,,,,,,,,,,,,,,,,,,,,,,,,,,,,,,,,,,,,,,,,,,,,
,8,,,,,,8,,3960,,,8,180,,,250000,,,,,,,234,,,,,,,,,,,,,,,,,,,,,,,,,,,,,,,,,,,,,,,,,,,,,,,,,,1900,,,,,,,,,,,,,,,,,,,,,,,,,,,,,,,,,,,,,,,,,,,,,,,,,,,,,,2,,,,6,,,,,,,,,,,,,,,,,,,,,,,,,,,,,,,,,,,,,,,,,,,,,,,,,,,,,,,,,
,9,,,,,,8,,4080,,,9,192,,,255000,,,,,,,242,,,,,,,,,,,,,,,,,,,,,,,,,,,,,,,,,,,,,,,,,,,,,,,,,,1910,,,,,,,,,,,,,,,,,,,,,,,,,,,,,,,,,,,,,,,,,,,,,,,,,,,,,,2,,,,6,,,,,,,,,,,,,,,,,,,,,,,,,,,,,,,,,,,,,,,,,,,,,,,,,,,,,,,,,
,10,,,,,,8,,4200,,,10,,,,,,,,,,,250,,,,,,,,,,,,,,,,,,,,,,,,,,,,,,,,,,,,,,,,,,,,,,,,,,1920,,,,,,,,,,,,,,,,,,,,,,,,,,,,,,,,,,,,,,,,,,,,,,,,,,,,,,3,,,,8,,,,,,,,,,,,,,,,,,,,,,,,,,,,,,,,,,,,,,,,,,,,,,,,,,,,,,,,,
"PhoenixEgg",1,,"TID_PET_PHOENIX","TID_PET_PHOENIX_INFO",20,,8,300,8000,360,"DarkElixir",1,1,,"DarkElixir",200000,20,,,200,3000,,0,,,,,"sc/ui.sc","icon_unit_pet_phoenix","unit_pet_phoenix_big","sc/info_pet_phoenix.sc",,"PhoenixResurrect",,,,"Phoenix_Egg_Deploy","Phoenix_Egg_Attack",,"Phoenix_Egg_Hit",,"FALSE","TRUE","TRUE",1,"Bdragon Die",,"PhoenixEggDefault",,"TRUE",,0,,,,,,"TRUE",,"TRUE",,0,,,,,,,,,100,,,,,,,,,,,,,,,,,,,,,,,,-50,,,,,,,,,,0,0,,"FALSE",,,,,,,,,,,,,,,,,,,1,"TID_PET_PHOENIX_ABILITY","TID_PET_PHOENIX_ABILITY_INFO","PhoenixEgg",,,,,,,,,,,,,,,,,,,,,,,,,,,,,,,"TRUE",,,,,,,,,,,,,,,,,,0,"PetPhoenixEggDefault",1,"ResurrectHero","TroopImmortality",,,,"TRUE",
,2,,,,,,8,,8100,,,1,1,,,,,,,,,,0,,,,,,,,,,,,,,,,,,,,,,,,,,,,,,,,,,,,,,,,,,,,,,,,,,,,,,,,,,,,,,,,,,,,,,,,,,,,,,,,,,,,,,,,,,,,,,,,,,,,,,,,,,,,,,,,,,,,,,,,,,,,,,,,,,,,,,,,,,,,,,,,,,,,,,,,,,,,,,1,,,,,,,
,3,,,,,,8,,8200,,,1,1,,,,,,,,,,0,,,,,,,,,,,,,,,,,,,,,,,,,,,,,,,,,,,,,,,,,,,,,,,,,,,,,,,,,,,,,,,,,,,,,,,,,,,,,,,,,,,,,,,,,,,,,,,,,,,,,,,,,,,,,,,,,,,,,,,,,,,,,,,,,,,,,,,,,,,,,,,,,,,,,,,,,,,,,,1,,,,,,,
,4,,,,,,8,,8300,,,1,1,,,,,,,,,,0,,,,,,,,,,,,,,,,,,,,,,,,,,,,,,,,,,,,,,,,,,,,,,,,,,,,,,,,,,,,,,,,,,,,,,,,,,,,,,,,,,,,,,,,,,,,,,,,,,,,,,,,,,,,,,,,,,,,,,,,,,,,,,,,,,,,,,,,,,,,,,,,,,,,,,,,,,,,,,1,,,,,,,
,5,,,,,,8,,8400,,,1,1,,,,,,,,,,0,,,,,,,,,,,,,,,,,,,,,,,,,,,,,,,,,,,,,,,,,,,,,,,,,,,,,,,,,,,,,,,,,,,,,,,,,,,,,,,,,,,,,,,,,,,,,,,,,,,,,,,,,,,,,,,,,,,,,,,,,,,,,,,,,,,,,,,,,,,,,,,,,,,,,,,,,,,,,,2,,,,,,,
,6,,,,,,8,,8500,,,1,1,,,,,,,,,,0,,,,,,,,,,,,,,,,,,,,,,,,,,,,,,,,,,,,,,,,,,,,,,,,,,,,,,,,,,,,,,,,,,,,,,,,,,,,,,,,,,,,,,,,,,,,,,,,,,,,,,,,,,,,,,,,,,,,,,,,,,,,,,,,,,,,,,,,,,,,,,,,,,,,,,,,,,,,,,2,,,,,,,
,7,,,,,,8,,8600,,,1,1,,,,,,,,,,0,,,,,,,,,,,,,,,,,,,,,,,,,,,,,,,,,,,,,,,,,,,,,,,,,,,,,,,,,,,,,,,,,,,,,,,,,,,,,,,,,,,,,,,,,,,,,,,,,,,,,,,,,,,,,,,,,,,,,,,,,,,,,,,,,,,,,,,,,,,,,,,,,,,,,,,,,,,,,,2,,,,,,,
,8,,,,,,8,,8700,,,1,1,,,,,,,,,,0,,,,,,,,,,,,,,,,,,,,,,,,,,,,,,,,,,,,,,,,,,,,,,,,,,,,,,,,,,,,,,,,,,,,,,,,,,,,,,,,,,,,,,,,,,,,,,,,,,,,,,,,,,,,,,,,,,,,,,,,,,,,,,,,,,,,,,,,,,,,,,,,,,,,,,,,,,,,,,2,,,,,,,
,9,,,,,,8,,8800,,,1,1,,,,,,,,,,0,,,,,,,,,,,,,,,,,,,,,,,,,,,,,,,,,,,,,,,,,,,,,,,,,,,,,,,,,,,,,,,,,,,,,,,,,,,,,,,,,,,,,,,,,,,,,,,,,,,,,,,,,,,,,,,,,,,,,,,,,,,,,,,,,,,,,,,,,,,,,,,,,,,,,,,,,,,,,,2,,,,,,,
,10,,,,,,8,,8900,,,1,1,,,,,,,,,,0,,,,,,,,,,,,,,,,,,,,,,,,,,,,,,,,,,,,,,,,,,,,,,,,,,,,,,,,,,,,,,,,,,,,,,,,,,,,,,,,,,,,,,,,,,,,,,,,,,,,,,,,,,,,,,,,,,,,,,,,,,,,,,,,,,,,,,,,,,,,,,,,,,,,,,,,,,,,,,3,,,,,,,
"Stork",1,"TRUE","TID_PET_HEALER","TID_PET_RANGEDATTACKER_INFO",20,,1,250,4800,360,"DarkElixir",1,72,,"DarkElixir",135000,20,,,50,1600,,120,,,,,"sc/ui.sc","icon_unit_tiny","unit_tiny_big","sc/info_tiny.sc","hound_projectile",,,"Defense",,"Tiny Deploy","Tiny Attack",,"Tiny Hit",,"TRUE","TRUE","TRUE",,"Tiny Die",,"Eagle",,"FALSE",,30,,,,,,"TRUE",,,,,,,,,,,,,100,,4550,,,,,,,,,,,,,,,,,,,,,,60,,,,,,,,,,300,400,,,,,,,,,,,,,,,,,,,,,,,,,1,,,"AreaStun",,"icon_unit_siege_machine_ram_ability",,,,,,,,,,,,,,,,,,,,,,,,,,,,,,,,,,,,,,,,,,,0,,,,,"TRUE",,,,
"Poison Lizard",1,,"TID_PET_POISON_LIZARD","TID_PET_POISON_LIZARD_INFO",20,,7,450,1250,999,"DarkElixir",1,72,,"DarkElixir",190000,20,,,350,350,,181,1,,,,"sc/ui.sc","icon_unit_pet_poison_lizard","unit_pet_poison_lizard_big","sc/info_pet_poison_lizard.sc","fireIguanaProto",,,,,"Poison Lizard Deploy","Poison Lizard Attack",,,,"FALSE","TRUE","TRUE",,"Poison Lizard Die",,"PoisonIguanaDefault",,"TRUE",,0,,,,,,"TRUE",,,,,,,,,,,,,100,,4050,,,,,,,,,,,,,,,,,,,,,,-50,,,,,,,,,,300,400,,"FALSE",,,,,,,,,,,,,,,,,,,,"TID_PET_POISON_LIZARD_ABILITY","TID_PET_POISON_LIZARD_ABILITY_INFO","PoisonTarget",1,3000,,"PoisonLizardAttack",,,,,,,,,,,,,,,,,,,,,,,,,,,,,,,,,,,100,,,,,"TRUE",,,,,400,"PetPoisonIguanaDefault",,,,,"TRUE",,,"Pet4"
,2,,,,,,7,,1300,,,2,96,,,195000,,,,,,,192,,,,,,,,,,,,,,,,,,,,,,,,,,,,,,,,,,,,,,,,,,,,,,,,,,4100,,,,,,,,,,,,,,,,,,,,,,,,,,,,,,,,,,,,,,,,,,,,,,,,,,,,,,,,,,1,,,,,,,,,,,,,,,,,,,,,,,,,,,,,,,,,,,,,,,,,,,,,,,,,,,,,,,,,
,3,,,,,,7,,1350,,,3,120,,,200000,,,,,,,203,,,,,,,,,,,,,,,,,,,,,,,,,,,,,,,,,,,,,,,,,,,,,,,,,,4150,,,,,,,,,,,,,,,,,,,,,,,,,,,,,,,,,,,,,,,,,,,,,,,,,,,,,,,,,,1,,,,,,,,,,,,,,,,,,,,,,,,,,,,,,,,,,,,,,,,,,,,,,,,,,,,,,,,,
,4,,,,,,7,,1400,,,4,132,,,210000,,,,,,,214,,,,,,,,,,,,,,,,,,,,,,,,,,,,,,,,,,,,,,,,,,,,,,,,,,4200,,,,,,,,,,,,,,,,,,,,,,,,,,,,,,,,,,,,,,,,,,,,,,,,,,,,,,,,,,1,,,,,,,,,,,,,,,,,,,,,,,,,,,,,,,,,,,,,,,,,,,,,,,,,,,,,,,,,
,5,,,,,,7,,1450,,,5,144,,,215000,,,,,,,225,,,,,,,,,,,,,,,,,,,,,,,,,,,,,,,,,,,,,,,,,,,,,,,,,,4250,,,,,,,,,,,,,,,,,,,,,,,,,,,,,,,,,,,,,,,,,,,,,,,,,,,,,,,,,,2,,,,,,,,,,,,,,,,,,,,,,,,,,,,,,,,,,,,,,,,,,,,,,,,,,,,,,,,,
,6,,,,,,7,,1500,,,6,156,,,225000,,,,,,,236,,,,,,,,,,,,,,,,,,,,,,,,,,,,,,,,,,,,,,,,,,,,,,,,,,4300,,,,,,,,,,,,,,,,,,,,,,,,,,,,,,,,,,,,,,,,,,,,,,,,,,,,,,,,,,2,,,,,,,,,,,,,,,,,,,,,,,,,,,,,,,,,,,,,,,,,,,,,,,,,,,,,,,,,
,7,,,,,,7,,1550,,,7,168,,,230000,,,,,,,247,,,,,,,,,,,,,,,,,,,,,,,,,,,,,,,,,,,,,,,,,,,,,,,,,,4350,,,,,,,,,,,,,,,,,,,,,,,,,,,,,,,,,,,,,,,,,,,,,,,,,,,,,,,,,,2,,,,,,,,,,,,,,,,,,,,,,,,,,,,,,,,,,,,,,,,,,,,,,,,,,,,,,,,,
,8,,,,,,7,,1600,,,8,180,,,240000,,,,,,,258,,,,,,,,,,,,,,,,,,,,,,,,,,,,,,,,,,,,,,,,,,,,,,,,,,4400,,,,,,,,,,,,,,,,,,,,,,,,,,,,,,,,,,,,,,,,,,,,,,,,,,,,,,,,,,2,,,,,,,,,,,,,,,,,,,,,,,,,,,,,,,,,,,,,,,,,,,,,,,,,,,,,,,,,
,9,,,,,,7,,1650,,,9,192,,,245000,,,,,,,269,,,,,,,,,,,,,,,,,,,,,,,,,,,,,,,,,,,,,,,,,,,,,,,,,,4450,,,,,,,,,,,,,,,,,,,,,,,,,,,,,,,,,,,,,,,,,,,,,,,,,,,,,,,,,,2,,,,,,,,,,,,,,,,,,,,,,,,,,,,,,,,,,,,,,,,,,,,,,,,,,,,,,,,,
,10,,,,,,7,,1700,,,10,,,,,,,,,,,280,,,,,,,,,,,,,,,,,,,,,,,,,,,,,,,,,,,,,,,,,,,,,,,,,,4500,,,,,,,,,,,,,,,,,,,,,,,,,,,,,,,,,,,,,,,,,,,,,,,,,,,,,,,,,,3,,,,,,,,,,,,,,,,,,,,,,,,,,,,,,,,,,,,,,,,,,,,,,,,,,,,,,,,,
"Diggy",1,,"TID_PET_DIGGY","TID_PET_DIGGY_INFO",20,,6,400,3650,120,"DarkElixir",1,72,,"DarkElixir",185000,20,,,80,1100,,105,,,,,"sc/ui.sc","icon_unit_pet_diggy","unit_pet_diggy_big","sc/info_pet_diggy.sc",,,,,,"Diggy Deploy","Diggy Attack",,"Diggy Hit",,"FALSE","FALSE","TRUE",,"Diggy Die",,"DiggyDefault",,"FALSE",,0,,,,,,"TRUE",,,,,,,,,,,,,768,,2135,,,,,,,,,,,,,,,,,,,,,,-50,,,,,,,,"TRUE",,300,400,,"TRUE",,,,,,,,,"Diggy Move",,"Diggy Appear",,,,,"Diggy Hide",,,,"TID_PET_DIGGY_ABILITY","TID_PET_DIGGY_ABILITY_INFO","StunTargetOnSurfacing",2000,,,,"Stun_Building_2s",,,,,,,,,,,,,,,,,,,,,,,,,,,,,,,,,,,,,,,,,,,,0,"PetDiggyDefault",1,"SwitchHero",,,"TRUE",,,"Pet1"
,2,,,,,,6,,3800,,,2,96,,,195000,,,,,,,110,,,,,,,,,,,,,,,,,,,,,,,,,,,,,,,,,,,,,,,,,,,,,,,,,,2170,,,,,,,,,,,,,,,,,,,,,,,,,,,,,,,,,,,,,,,,,,,,,,,,,,,,,,,,,,2000,,,,"Stun_Building_2s",,,,,,,,,,,,,,,,,,,,,,,,,,,,,,,,,,,,,,,,,,,,,,,,,,,,,
,3,,,,,,6,,3950,,,3,120,,,200000,,,,,,,115,,,,,,,,,,,,,,,,,,,,,,,,,,,,,,,,,,,,,,,,,,,,,,,,,,2205,,,,,,,,,,,,,,,,,,,,,,,,,,,,,,,,,,,,,,,,,,,,,,,,,,,,,,,,,,2000,,,,"Stun_Building_2s",,,,,,,,,,,,,,,,,,,,,,,,,,,,,,,,,,,,,,,,,,,,,,,,,,,,,
,4,,,,,,6,,4100,,,4,132,,,210000,,,,,,,120,,,,,,,,,,,,,,,,,,,,,,,,,,,,,,,,,,,,,,,,,,,,,,,,,,2240,,,,,,,,,,,,,,,,,,,,,,,,,,,,,,,,,,,,,,,,,,,,,,,,,,,,,,,,,,2000,,,,"Stun_Building_2s",,,,,,,,,,,,,,,,,,,,,,,,,,,,,,,,,,,,,,,,,,,,,,,,,,,,,
,5,,,,,,6,,4250,,,5,144,,,215000,,,,,,,125,,,,,,,,,,,,,,,,,,,,,,,,,,,,,,,,,,,,,,,,,,,,,,,,,,2275,,,,,,,,,,,,,,,,,,,,,,,,,,,,,,,,,,,,,,,,,,,,,,,,,,,,,,,,,,2500,,,,"Stun_Building_2_5s",,,,,,,,,,,,,,,,,,,,,,,,,,,,,,,,,,,,,,,,,,,,,,,,,,,,,
,6,,,,,,6,,4400,,,6,156,,,225000,,,,,,,130,,,,,,,,,,,,,,,,,,,,,,,,,,,,,,,,,,,,,,,,,,,,,,,,,,2310,,,,,,,,,,,,,,,,,,,,,,,,,,,,,,,,,,,,,,,,,,,,,,,,,,,,,,,,,,2500,,,,"Stun_Building_2_5s",,,,,,,,,,,,,,,,,,,,,,,,,,,,,,,,,,,,,,,,,,,,,,,,,,,,,
,7,,,,,,6,,4550,,,7,168,,,230000,,,,,,,135,,,,,,,,,,,,,,,,,,,,,,,,,,,,,,,,,,,,,,,,,,,,,,,,,,2345,,,,,,,,,,,,,,,,,,,,,,,,,,,,,,,,,,,,,,,,,,,,,,,,,,,,,,,,,,2500,,,,"Stun_Building_2_5s",,,,,,,,,,,,,,,,,,,,,,,,,,,,,,,,,,,,,,,,,,,,,,,,,,,,,
,8,,,,,,6,,4700,,,8,180,,,240000,,,,,,,140,,,,,,,,,,,,,,,,,,,,,,,,,,,,,,,,,,,,,,,,,,,,,,,,,,2380,,,,,,,,,,,,,,,,,,,,,,,,,,,,,,,,,,,,,,,,,,,,,,,,,,,,,,,,,,2500,,,,"Stun_Building_2_5s",,,,,,,,,,,,,,,,,,,,,,,,,,,,,,,,,,,,,,,,,,,,,,,,,,,,,
,9,,,,,,6,,4850,,,9,192,,,245000,,,,,,,145,,,,,,,,,,,,,,,,,,,,,,,,,,,,,,,,,,,,,,,,,,,,,,,,,,2415,,,,,,,,,,,,,,,,,,,,,,,,,,,,,,,,,,,,,,,,,,,,,,,,,,,,,,,,,,2500,,,,"Stun_Building_2_5s",,,,,,,,,,,,,,,,,,,,,,,,,,,,,,,,,,,,,,,,,,,,,,,,,,,,,
,10,,,,,,6,,5000,,,10,,,,,,,,,,,150,,,,,,,,,,,,,,,,,,,,,,,,,,,,,,,,,,,,,,,,,,,,,,,,,,2450,,,,,,,,,,,,,,,,,,,,,,,,,,,,,,,,,,,,,,,,,,,,,,,,,,,,,,,,,,3000,,,,"Stun_Building_3s",,,,,,,,,,,,,,,,,,,,,,,,,,,,,,,,,,,,,,,,,,,,,,,,,,,,,
"Frosty",1,,"TID_PET_FROSTY","TID_PET_FROSTY_INFO",20,,5,300,2350,999,"DarkElixir",1,72,,"DarkElixir",185000,20,,,350,1200,,94,,,,,"sc/ui.sc","icon_unit_pet_frosty","unit_pet_frosty_big","sc/info_pet_frosty.sc","Frosty_projectile",,,,,"Frosty Deploy","Frosty Attack",,"IceWizard Hit1",,"FALSE","TRUE","TRUE",,"Frosty Die",,"FrostyDefault",,"TRUE",,0,,,,,,"TRUE",,,,150,,,,"Icemite",1,8000,"Frosty Summon",4,100,,3270,,,,,,,,,,,,,,,,,,,,,,-50,,,,,,,,,,300,400,,"TRUE",,,,,,,,,,,,,,,,,,,,"TID_PET_FROSTY_ABILITY","TID_PET_FROSTY_ABILITY_INFO",,,,,,,,,,,,,,,,,,,,,,,,,,,,,,4000,50,,,,,,,,,,,,,,,,,,,100,"PetFrostyDefault",,,,,,,,"Pet1"
,2,,,,,,5,,2450,,,2,96,,,190000,,,,,,,98,,,,,,,,,,,,,,,,,,,,,,,,,,,,,,,,,,,,,,,,,,,,1,,,4,,,3300,,,,,,,,,,,,,,,,,,,,,,,,,,,,,,,,,,,,,,,,,,,,,,,,,,,,,,,,,,,,,,,,,,,,,,,,,,,,,,,,,,,,,,,,,,,,,,,,,,,,,,,,,,,,,,,,,,,
,3,,,,,,5,,2550,,,3,120,,,200000,,,,,,,102,,,,,,,,,,,,,,,,,,,,,,,,,,,,,,,,,,,,,,,,,,,,1,,,4,,,3330,,,,,,,,,,,,,,,,,,,,,,,,,,,,,,,,,,,,,,,,,,,,,,,,,,,,,,,,,,,,,,,,,,,,,,,,,,,,,,,,,,,,,,,,,,,,,,,,,,,,,,,,,,,,,,,,,,,
,4,,,,,,5,,2650,,,4,132,,,210000,,,,,,,106,,,,,,,,,,,,,,,,,,,,,,,,,,,,,,,,,,,,,,,,,,,,1,,,4,,,3360,,,,,,,,,,,,,,,,,,,,,,,,,,,,,,,,,,,,,,,,,,,,,,,,,,,,,,,,,,,,,,,,,,,,,,,,,,,,,,,,,,,,,,,,,,,,,,,,,,,,,,,,,,,,,,,,,,,
,5,,,,,,5,,2800,,,5,144,,,215000,,,,,,,110,,,,,,,,,,,,,,,,,,,,,,,,,,,,,,,,,,,,,,,,,,,,2,,,8,,,3390,,,,,,,,,,,,,,,,,,,,,,,,,,,,,,,,,,,,,,,,,,,,,,,,,,,,,,,,,,,,,,,,,,,,,,,,,,,,,,,,,,,,,,,,,,,,,,,,,,,,,,,,,,,,,,,,,,,
,6,,,,,,5,,2900,,,6,156,,,225000,,,,,,,114,,,,,,,,,,,,,,,,,,,,,,,,,,,,,,,,,,,,,,,,,,,,2,,,8,,,3420,,,,,,,,,,,,,,,,,,,,,,,,,,,,,,,,,,,,,,,,,,,,,,,,,,,,,,,,,,,,,,,,,,,,,,,,,,,,,,,,,,,,,,,,,,,,,,,,,,,,,,,,,,,,,,,,,,,
,7,,,,,,5,,3000,,,7,168,,,235000,,,,,,,118,,,,,,,,,,,,,,,,,,,,,,,,,,,,,,,,,,,,,,,,,,,,2,,,8,,,3440,,,,,,,,,,,,,,,,,,,,,,,,,,,,,,,,,,,,,,,,,,,,,,,,,,,,,,,,,,,,,,,,,,,,,,,,,,,,,,,,,,,,,,,,,,,,,,,,,,,,,,,,,,,,,,,,,,,
,8,,,,,,5,,3100,,,8,180,,,240000,,,,,,,122,,,,,,,,,,,,,,,,,,,,,,,,,,,,,,,,,,,,,,,,,,,,2,,,8,,,3470,,,,,,,,,,,,,,,,,,,,,,,,,,,,,,,,,,,,,,,,,,,,,,,,,,,,,,,,,,,,,,,,,,,,,,,,,,,,,,,,,,,,,,,,,,,,,,,,,,,,,,,,,,,,,,,,,,,
,9,,,,,,5,,3200,,,9,192,,,250000,,,,,,,126,,,,,,,,,,,,,,,,,,,,,,,,,,,,,,,,,,,,,,,,,,,,2,,,8,,,3500,,,,,,,,,,,,,,,,,,,,,,,,,,,,,,,,,,,,,,,,,,,,,,,,,,,,,,,,,,,,,,,,,,,,,,,,,,,,,,,,,,,,,,,,,,,,,,,,,,,,,,,,,,,,,,,,,,,
,10,,,,,,5,,3300,,,10,,,,,,,,,,,130,,,,,,,,,,,,,,,,,,,,,,,,,,,,,,,,,,,,,,,,,,,,2,,,10,,,3530,,,,,,,,,,,,,,,,,,,,,,,,,,,,,,,,,,,,,,,,,,,,,,,,,,,,,,,,,,,,,,,,,,,,,,,,,,,,,,,,,,,,,,,,,,,,,,,,,,,,,,,,,,,,,,,,,,,
"Phase Fennec",1,,"TID_PET_SPIRIT_FOX","TID_PET_SPIRIT_FOX_INFO",20,,9,300,1900,999,"DarkElixir",1,72,,"DarkElixir",225000,20,,,250,1600,,108,,,,,"sc/ui.sc","icon_unit_pet_phasefennec","unit_pet_phasefennec_big","sc/info_pet_phasefennec.sc","Fennec_projectile",,,,,"Barky Fennec Deploy","Barky Fennec Attack",,"Miner Hit",,"FALSE","FALSE","TRUE",,"Barky Fennec Die",,"FennecDefault",,"TRUE",,0,,,,,,"TRUE",,,,,,,,,,,,,100,,3525,,,,,,,,,,,,,,,,,,,,,,-50,,,,,,,,,,300,400,,"TRUE",,,,,,,,,,,,,,,,,,,,"TID_PET_ABILITY_SPIRIT_FOX","TID_PET_ABILITY_INFO_SPIRIT_FOX",,,,,,,,,,,,,,,,,,,,,,,,,,,,,,,,,,,,,,,,,,,,,,,"PhaseFennecInvis",1,,200,"PetFennecDefault",,,,,,,,"Pet2"
,2,,,,,,9,,2000,,,2,96,,,235000,,,,,,,116,,,,,,,,,,,,,,,,,,,,,,,,,,,,,,,,,,,,,,,,,,,,,,,,,,3550,,,,,,,,,,,,,,,,,,,,,,,,,,,,,,,,,,,,,,,,,,,,,,,,,,,,,,,,,,,,,,,,,,,,,,,,,,,,,,,,,,,,,,,,,,,,,,,,,,,,,,,,1,,,,,,,,,,,
,3,,,,,,9,,2100,,,3,120,,,245000,,,,,,,124,,,,,,,,,,,,,,,,,,,,,,,,,,,,,,,,,,,,,,,,,,,,,,,,,,3575,,,,,,,,,,,,,,,,,,,,,,,,,,,,,,,,,,,,,,,,,,,,,,,,,,,,,,,,,,,,,,,,,,,,,,,,,,,,,,,,,,,,,,,,,,,,,,,,,,,,,,,,1,,,,,,,,,,,
,4,,,,,,9,,2200,,,4,132,,,255000,,,,,,,132,,,,,,,,,,,,,,,,,,,,,,,,,,,,,,,,,,,,,,,,,,,,,,,,,,3600,,,,,,,,,,,,,,,,,,,,,,,,,,,,,,,,,,,,,,,,,,,,,,,,,,,,,,,,,,,,,,,,,,,,,,,,,,,,,,,,,,,,,,,,,,,,,,,,,,,,,,,,1,,,,,,,,,,,
,5,,,,,,9,,2300,,,5,144,,,265000,,,,,,,140,,,,,,,,,,,,,,,,,,,,,,,,,,,,,,,,,,,,,,,,,,,,,,,,,,3625,,,,,,,,,,,,,,,,,,,,,,,,,,,,,,,,,,,,,,,,,,,,,,,,,,,,,,,,,,,,,,,,,,,,,,,,,,,,,,,,,,,,,,,,,,,,,,,,,,,,,,,,2,,,,,,,,,,,
,6,,,,,,9,,2400,,,6,156,,,275000,,,,,,,148,,,,,,,,,,,,,,,,,,,,,,,,,,,,,,,,,,,,,,,,,,,,,,,,,,3650,,,,,,,,,,,,,,,,,,,,,,,,,,,,,,,,,,,,,,,,,,,,,,,,,,,,,,,,,,,,,,,,,,,,,,,,,,,,,,,,,,,,,,,,,,,,,,,,,,,,,,,,2,,,,,,,,,,,
,7,,,,,,9,,2500,,,7,168,,,285000,,,,,,,156,,,,,,,,,,,,,,,,,,,,,,,,,,,,,,,,,,,,,,,,,,,,,,,,,,3675,,,,,,,,,,,,,,,,,,,,,,,,,,,,,,,,,,,,,,,,,,,,,,,,,,,,,,,,,,,,,,,,,,,,,,,,,,,,,,,,,,,,,,,,,,,,,,,,,,,,,,,,2,,,,,,,,,,,
,8,,,,,,9,,2600,,,8,180,,,295000,,,,,,,164,,,,,,,,,,,,,,,,,,,,,,,,,,,,,,,,,,,,,,,,,,,,,,,,,,3700,,,,,,,,,,,,,,,,,,,,,,,,,,,,,,,,,,,,,,,,,,,,,,,,,,,,,,,,,,,,,,,,,,,,,,,,,,,,,,,,,,,,,,,,,,,,,,,,,,,,,,,,2,,,,,,,,,,,
,9,,,,,,9,,2700,,,9,192,,,315000,,,,,,,172,,,,,,,,,,,,,,,,,,,,,,,,,,,,,,,,,,,,,,,,,,,,,,,,,,3725,,,,,,,,,,,,,,,,,,,,,,,,,,,,,,,,,,,,,,,,,,,,,,,,,,,,,,,,,,,,,,,,,,,,,,,,,,,,,,,,,,,,,,,,,,,,,,,,,,,,,,,,2,,,,,,,,,,,
,10,,,,,,9,,2800,,,10,,,,,,,,,,,180,,,,,,,,,,,,,,,,,,,,,,,,,,,,,,,,,,,,,,,,,,,,,,,,,,3750,,,,,,,,,,,,,,,,,,,,,,,,,,,,,,,,,,,,,,,,,,,,,,,,,,,,,,,,,,,,,,,,,,,,,,,,,,,,,,,,,,,,,,,,,,,,,,,,,,,,,,,,3,,,,,,,,,,,
"Angry Chihuahua",1,"TRUE","TID_PET_MELEEJUMPER","TID_PET_MELEEJUMPER_INFO",20,,10,300,5200,999,"DarkElixir",1,72,,"DarkElixir",115000,20,,,600,900,,260,,,,,"sc/ui.sc","icon_unit_pet_demonpup","unit_pet_lassi_big","sc/info_pet_lassi.sc",,,,"Defense",,"Laser Owl Deploy","Laser Owl Attack",,"Mega Tesla Hit",,"FALSE","FALSE","TRUE",,"Barky Die",,"AngryChihuahuaTempAnim",,"TRUE",,0,,,,,,"TRUE",,,,,,,,,,,,,100,,1960,,,,,,,,,,,,,,,,,,,,,,-50,,,,,,,,,,300,400,,"TRUE",,,,,,,,,,,,,,,,,,,,"TID_PET_ABILITY_BARKY","TID_PET_ABILITY_INFO_BARKY",,,,,,,,,,,,,,,,,,,,,,,,,,,,,,,,,,,,,,,,,,,,,,,"AngryChihuahuaAnger",1,,0,,,,,,"TRUE",,,
"JumpAuraPet",1,"TRUE","TID_PET_MELEEJUMPER","TID_PET_MELEEJUMPER_INFO",20,,1,300,6000,999,"DarkElixir",1,72,,"DarkElixir",115000,20,,,80,1600,,180,,,,,"sc/ui.sc","icon_unit_pet_slimesnail","unit_pet_lassi_big","sc/info_pet_lassi.sc",,,,,,"Barky Deploy","Barky Attack",,"Miner Hit",,"FALSE","FALSE","TRUE",,"Barky Die",,"JumpPetTempAnim",,"TRUE",,0,,,,,,"TRUE",,,,,,,,,,,,,100,,1960,,,,,,,,,,,,,,,,,,,,,,-50,,,,,,,,,,300,400,,"TRUE",,,,,,,,,,,,,,,,,,,,"TID_PET_ABILITY_BARKY","TID_PET_ABILITY_INFO_BARKY",,,,,,,,,,,,,,,,,,,,,,,,,,,,,,,,,,,,,,,,,,,,,,,"JumpPetJumpAbility",1,,200,,,,,,,,,
"SpeedupPet",1,"TRUE","TID_PET_RANGEDATTACKER","TID_PET_RANGEDATTACKER_INFO",20,,1,250,2500,9999,"DarkElixir",1,72,,"DarkElixir",135000,20,,,400,1400,,180,,,,,"sc/ui.sc","icon_unit_pet_hastespirit","unit_pet_electro_owl_big","sc/info_pet_electro_owl.sc",,,,,,"Laser Owl Deploy","Laser Owl Attack",,"Mega Tesla Hit",,"TRUE","TRUE","TRUE",,"Laser Owl Die",,"SpeedupPet",,"FALSE",,30,,,,,,"TRUE",,,,,,,,,,,,,100,,3550,"PetSpeedUp",0,,,,,,,,,,,,,,,,,,,,60,,,,,,,,,,300,400,,"FALSE",,,,,,,,,,,,,,,,,,,,"TID_PET_ABILITY_ELECTROWL","TID_PET_ABILITY_INFO_ELECTROWL",,,,,,,,,,,,,,,,,,,,,,,,,,,,,,,,,,,,,,,,,,,,,,,,,,0,,,,,,,,,
"Turtle",1,"TRUE","TID_PET_MELEEJUMPER","TID_PET_MELEEJUMPER_INFO",20,,1,250,20000,9999,"DarkElixir",1,72,,"DarkElixir",135000,20,,,50,1800,,80,,,,,"sc/ui.sc","icon_unit_pet_spiritjellyfish","unit_pet_lassi_big","sc/info_pet_lassi.sc",,,,,,"Barky Deploy","Barky Attack",,"Miner Hit",,"FALSE","FALSE","TRUE",,"Barky Die",,"TurtleTempAnim",,"FALSE",,0,,,,,,"TRUE",,,,,,,,,,,,,100,,3550,,,,,,,,,,,,,,,,,,,,,,-50,,,,,,,,,,300,400,,"TRUE",,,,,,,,,,,,,,,,,,,,"TID_PET_ABILITY_ELECTROWL","TID_PET_ABILITY_INFO_ELECTROWL",,,,,,,,,,,,,,,,,,,,,,,,,,,,,,,,,,,,,,,,,,,,,,,,,,0,,,,,,,,,
"AirSplitPetSpawnRemoved",1,"TRUE","TID_PET_RANGEDATTACKER","TID_PET_RANGEDATTACKER_INFO",20,,1,250,1600,9999,"DarkElixir",1,72,,"DarkElixir",135000,20,,,80,1400,,160,,,,,"sc/ui.sc","icon_unit_pet_spiritjellyfish","unit_pet_electro_owl_big","sc/info_pet_electro_owl.sc",,,,,,"Laser Owl Deploy","Laser Owl Attack",,"Mega Tesla Hit",,"TRUE","TRUE","TRUE",,"Laser Owl Die",,"AirSplitPetSpawn",,"FALSE",,30,,,,,,"TRUE",,"TRUE",,,,,,,,,,,100,,3550,,,,,,,,,,,,,,,,,,,,,,60,,,,,,,,,,300,400,,"TRUE",,,,,,,,,,,,,,,,,,,,"TID_PET_ABILITY_ELECTROWL","TID_PET_ABILITY_INFO_ELECTROWL",,,,,,,,,,,,,,,,,,,,,,,,,,,,,,,,,,,,,,,,,,,,,,,,,,350,,,,,,,,,
