"Name","Level","TID","InfoTID","DisableProduction","SpellForgeLevel","LaboratoryLevel","DonateCost","HousingSpace","TrainingTime","DeployTimeMS","ChargingTimeMS","HitTimeMS","UpgradeTimeH","UpgradeResource","UpgradeCost","BoostTimeMS","SpeedBoost","SpeedBoost2","JumpHousingLimit","JumpBoostMS","DamageBoostPercent","BuildingDamageBoostPercent","Damage","TroopDamagePermil","BuildingDamagePermil","ExecuteHealthPermil","DamagePermilMin","PreferredDamagePermilMin","Radius","NumberOfHits","RandomRadius","TimeBetweenHitsMS","IconSWF","IconExportName","BigPicture","PreDeployEffect","DeployEffect","DeployEffect2Delay","DeployEffect2","ChargingEffect","HitEffect","RandomRadiusAffectsOnlyGfx","FreezeTimeMS","SpawnObstacle","NumObstacles","StrengthWeight","ProductionBuilding","TargetInfoString","PreferredTarget","PreferredTargetDamageMod","HeroDamageMultiplier","ShieldProjectileSpeed","ShieldProjectileDamageMod","ExtraHealthPermil","ExtraHealthMin","ExtraHealthMax","PoisonDPS","PoisonIncreaseSlowly","AttackSpeedBoost","BoostLinkedToPoison","PoisonAffectAir","ScaleDeployEffects","ShieldTime","ShieldProtectionPercent","MaxUnitsHit","EnemyDeployEffect","SnapToGrid","DuplicateHousing","DuplicateLifetime","SummonTroop","UnitsToSpawn","SpawnUpgradeLevel","ShrinkReduceSpeedRatio","ShrinkHitpointsRatio","SpawnDuration","SpawnFirstGroupSize","DamageTHPercent","DisableDonate","ScaleByTH","EnabledByCalendar","VillageType","PauseCombatComponentsMs","UpgradeLevelByTH","ChangeTeamTime","InvisibilityTime","FreezeOuterTimeMS","ConeAngle","FreezePercent","MinRadius","MinDamage","StunTimeMS","TornadoForce1","TornadoForce2","TornadoForce3","TornadoForce4","TornadoForce5","TornadoForceAir1","TornadoForceAir2","TornadoForceAir3","TornadoForceAir4","TornadoForceAir5","TornadoRotationSpeed","TornadoSpeedTowardsCenter","TornadoInnerRadius","TornadoInnerForcePercent","TornadoOuterForcePercent","ChainSpell","AffectsSiegeMachines","BoostDefenders","ImmunitySiegeMachines","ImmunityOtherCharacters","ImmunityTH_CC","ImmunityStorages","ImmunityWalls","ImmunityOtherBuildings","HideImmunityVFX","CapitalAttackCount","DestroyWalls","RecallHousing","PreviewScenario"
"String","int","String","String","boolean","int","int","int","int","int","int","int","int","int","String","int","int","int","int","int","int","int","int","int","int","int","int","int","int","int","int","int","int","String","String","String","String","String","int","String","String","String","boolean","int","String","int","int","String","String","String","int","int","int","int","int","int","int","int","boolean","int","boolean","boolean","boolean","int","int","int","String","boolean","int","int","String","int","int","int","int","int","int","int","boolean","boolean","boolean","int","int","int","int","int","int","int","int","int","int","int","int","int","int","int","int","int","int","int","int","int","int","int","int","int","int","String","boolean","boolean","boolean","boolean","boolean","boolean","boolean","boolean","boolean","int","boolean","int","String"
"LighningStorm",1,"TID_LIGHTNING_STORM","TID_LIGHTNING_STORM_INFO",,1,1,5,1,180,800,0,100,4,"Elixir",50000,,,,,,,,150,,,,,,200,1,0,400,"sc/ui.sc","icon_spell_lightning","icon_spell_lightning","Lightning predeploy","Lightning area small",,,"Lightning Spell","Lightning Spell Hit","TRUE",100,,,30,"Spell Forge","TID_PREFERRED_TARGET_ANY",,,,,,,,,,,,,,,,,,,,,,,,,,,,,,,,,,,,,,100,,,,,,,,,,,,,,,,,,,,,,,,,,"TRUE","TRUE",,,,,,,"SpellLightning"
,2,,,,,1,,,,,,,8,,100000,,,,,,,,180,,,,,,200,1,0,400,,,,,,,,,,,100,,,30,,,,,,,,,,,,,,,,,,,,,,,,,,,,,,,,,,,,,,,,100,,,,,,,,,,,,,,,,,,,,,,,,,,,,,,,,,,
,3,,,,,2,,,,,,,12,,200000,,,,,,,,210,,,,,,200,1,0,400,,,,,,,,,,,100,,,30,,,,,,,,,,,,,,,,,,,,,,,,,,,,,,,,,,,,,,,,100,,,,,,,,,,,,,,,,,,,,,,,,,,,,,,,,,,
,4,,,,,3,,,,,,,24,,600000,,,,,,,,240,,,,,,200,1,0,400,,,,,,,,,,,100,,,30,,,,,,,,,,,,,,,,,,,,,,,,,,,,,,,,,,,,,,,,100,,,,,,,,,,,,,,,,,,,,,,,,,,,,,,,,,,
,5,,,,,6,,,,,,,72,,1500000,,,,,,,,270,,,,,,200,1,0,400,,,,,,,,,,,100,,,30,,,,,,,,,,,,,,,,,,,,,,,,,,,,,,,,,,,,,,,,100,,,,,,,,,,,,,,,,,,,,,,,,,,,,,,,,,,
,6,,,,,7,,,,,,,96,,2500000,,,,,,,,320,,,,,,200,1,0,400,,,,,,,,,,,100,,,27,,,,,,,,,,,,,,,,,,,,,,,,,,,,,,,,,,,,,,,,100,,,,,,,,,,,,,,,,,,,,,,,,,,,,,,,,,,
,7,,,,,8,,,,,,,144,,4200000,,,,,,,,400,,,,,,200,1,0,400,,,,,,,,,,,100,,,24,,,,,,,,,,,,,,,,,,,,,,,,,,,,,,,,,,,,,,,,100,,,,,,,,,,,,,,,,,,,,,,,,,,,,,,,,,,
,8,,,,,9,,,,,,,168,,6300000,,,,,,,,480,,,,,,200,1,0,400,,,,,,,,,,,100,,,22,,,,,,,,,,,,,,,,,,,,,,,,,,,,,,,,,,,,,,,,100,,,,,,,,,,,,,,,,,,,,,,,,,,,,,,,,,,
,9,,,,,10,,,,,,,300,,16000000,,,,,,,,560,,,,,,200,1,0,400,,,,,,,,,,,100,,,20,,,,,,,,,,,,,,,,,,,,,,,,,,,,,,,,,,,,,,,,100,,,,,,,,,,,,,,,,,,,,,,,,,,,,,,,,,,
,10,,,,,13,,,,,,,336,,18500000,,,,,,,,600,,,,,,200,1,0,400,,,,,,,,,,,100,,,22,,,,,,,,,,,,,,,,,,,,,,,,,,,,,,,,,,,,,,,,100,,,,,,,,,,,,,,,,,,,,,,,,,,,,,,,,,,
,11,,,,,14,,,,,,,,,,,,,,,,,640,,,,,,200,1,0,400,,,,,,,,,,,100,,,22,,,,,,,,,,,,,,,,,,,,,,,,,,,,,,,,,,,,,,,,100,,,,,,,,,,,,,,,,,,,,,,,,,,,,,,,,,,
"HealingWave",1,"TID_HEALING_WAVE","TID_HEALING_WAVE_INFO",,2,2,10,2,360,800,300,400,5,"Elixir",75000,,,,,,,,-15,,,,,,500,40,200,300,"sc/ui.sc","icon_spell_healing","icon_spell_healing","Heal predeploy","Heal area",,"Heal area top",,"Heal spell","TRUE",,,,230,"Spell Forge","TID_INFO_TARGET_TYPE_GROUND_AND_AIR",,,55,,,,,,,,,,,,,,,,,,,,,,,,,,,,,,,,,,,,,,,,,,,,,,,,,,,,,,,,,,,,,,,,,,,,,"SpellHeal"
,2,,,,,2,,,,,,,10,,150000,,,,,,,,-20,,,,,,500,40,200,300,,,,,,,,,,,,,,215,,,,,,,,,,,,,,,,,,,,,,,,,,,,,,,,,,,,,,,,,,,,,,,,,,,,,,,,,,,,,,,,,,,,,,,,,,
,3,,,,,4,,,,,,,20,,300000,,,,,,,,-25,,,,,,500,40,200,300,,,,,,,,,,,,,,200,,,,,,,,,,,,,,,,,,,,,,,,,,,,,,,,,,,,,,,,,,,,,,,,,,,,,,,,,,,,,,,,,,,,,,,,,,
,4,,,,,5,,,,,,,36,,900000,,,,,,,,-30,,,,,,500,40,200,300,,,,,,,,,,,,,,190,,,,,,,,,,,,,,,,,,,,,,,,,,,,,,,,,,,,,,,,,,,,,,,,,,,,,,,,,,,,,,,,,,,,,,,,,,
,5,,,,,6,,,,,,,72,,1800000,,,,,,,,-35,,,,,,500,40,200,300,,,,,,,,,,,,,,180,,,,,,,,,,,,,,,,,,,,,,,,,,,,,,,,,,,,,,,,,,,,,,,,,,,,,,,,,,,,,,,,,,,,,,,,,,
,6,,,,,7,,,,,,,96,,3000000,,,,,,,,-40,,,,,,500,40,200,300,,,,,,,,,,,,,,170,,,,,,,,,,,,,,,,,,,,,,,,,,,,,,,,,,,,,,,,,,,,,,,,,,,,,,,,,,,,,,,,,,,,,,,,,,
,7,,,,,8,,,,,,,144,,8500000,,,,,,,,-45,,,,,,500,40,200,300,,,,,,,,,,,,,,170,,,,,,,,,,,,,,,,,,,,,,,,,,,,,,,,,,,,,,,,,,,,,,,,,,,,,,,,,,,,,,,,,,,,,,,,,,
,8,,,,,11,,,,,,,318,,17000000,,,,,,,,-50,,,,,,500,40,200,300,,,,,,,,,,,,,,200,,,,,,,,,,,,,,,,,,,,,,,,,,,,,,,,,,,,,,,,,,,,,,,,,,,,,,,,,,,,,,,,,,,,,,,,,,
,9,,,,,13,,,,,,,360,,19000000,,,,,,,,-55,,,,,,500,40,200,300,,,,,,,,,,,,,,200,,,,,,,,,,,,,,,,,,,,,,,,,,,,,,,,,,,,,,,,,,,,,,,,,,,,,,,,,,,,,,,,,,,,,,,,,,
,10,,,,,14,,,,,,,,,,,,,,,,,-60,,,,,,500,40,200,300,,,,,,,,,,,,,,200,,,,,,,,,,,,,,,,,,,,,,,,,,,,,,,,,,,,,,,,,,,,,,,,,,,,,,,,,,,,,,,,,,,,,,,,,,
"Haste",1,"TID_HASTE","TID_HASTE_INFO",,3,3,10,2,360,800,300,400,12,"Elixir",400000,1000,20,10,,,130,,,,,,,,500,60,400,300,"sc/ui.sc","icon_spell_rage","icon_spell_rage","Rage predeploy","Rage deploy",,"Rage deploy top",,,"TRUE",,,,100,"Spell Forge","TID_INFO_TARGET_TYPE_GROUND_AND_AIR",,,,,,,,,,,,,,,,,,,,,,,,,,,,,,,,,,,,,,,,,,,,,,,,,,,,,,,,,,,,,,,,,,,,,,,,"SpellRage"
,2,,,,,3,,,,,,,24,,800000,1000,22,11,,,140,,,,,,,,500,60,400,300,,,,,,,,,,,,,,95,,,,,,,,,,,,,,,,,,,,,,,,,,,,,,,,,,,,,,,,,,,,,,,,,,,,,,,,,,,,,,,,,,,,,,,,,,
,3,,,,,4,,,,,,,48,,1600000,1000,24,12,,,150,,,,,,,,500,60,400,300,,,,,,,,,,,,,,90,,,,,,,,,,,,,,,,,,,,,,,,,,,,,,,,,,,,,,,,,,,,,,,,,,,,,,,,,,,,,,,,,,,,,,,,,,
,4,,,,,5,,,,,,,96,,2400000,1000,26,13,,,160,,,,,,,,500,60,400,300,,,,,,,,,,,,,,85,,,,,,,,,,,,,,,,,,,,,,,,,,,,,,,,,,,,,,,,,,,,,,,,,,,,,,,,,,,,,,,,,,,,,,,,,,
,5,,,,,6,,,,,,,144,,7000000,1000,28,14,,,170,,,,,,,,500,60,400,300,,,,,,,,,,,,,,80,,,,,,,,,,,,,,,,,,,,,,,,,,,,,,,,,,,,,,,,,,,,,,,,,,,,,,,,,,,,,,,,,,,,,,,,,,
,6,,,,,10,,,,,,,,,,1000,30,15,,,180,,,,,,,,500,60,400,300,,,,,,,,,,,,,,95,,,,,,,,,,,,,,,,,,,,,,,,,,,,,,,,,,,,,,,,,,,,,,,,,,,,,,,,,,,,,,,,,,,,,,,,,,
"Jump",1,"TID_JUMP_SPELL","TID_JUMP_SPELL_INFO",,4,4,10,2,360,800,300,400,72,"Elixir",2000000,,,,100,400,,,,,,,,,350,66,400,300,"sc/ui.sc","icon_spell_jump","icon_spell_jump","Jump predeploy","Jump deploy lvl1",,"Jump deploy top lvl1",,,"TRUE",,,,250,"Spell Forge","TID_INFO_TARGET_TYPE_GROUND",,,,,,,,,,,,,,,,,,,,,,,,,,,,,,,,,,,,,,,,,,,,,,,,,,,,,,,,,,,,,,,,,,,,,,,,"SpellJump"
,2,,,,,5,,,,,,,96,,3400000,,,,100,400,,,,,,,,,350,133,400,300,,,,"Jump predeploy","Jump deploy lvl2",,"Jump deploy top lvl2",,,,,,,170,,,,,,,,,,,,,,,,,,,,,,,,,,,,,,,,,,,,,,,,,,,,,,,,,,,,,,,,,,,,,,,,,,,,,,,,,,
,3,,,,,8,,,,,,,144,,7200000,,,,100,400,,,,,,,,,350,199,400,300,,,,"Jump predeploy","Jump deploy lvl3",,"Jump deploy top lvl3",,,,,,,130,,,,,,,,,,,,,,,,,,,,,,,,,,,,,,,,,,,,,,,,,,,,,,,,,,,,,,,,,,,,,,,,,,,,,,,,,,
,4,,,,,11,,,,,,,312,,16500000,,,,100,400,,,,,,,,,350,266,400,300,,,,"Jump predeploy","Jump deploy lvl4",,"Jump deploy top lvl4",,,,,,,110,,,,,,,,,,,,,,,,,,,,,,,,,,,,,,,,,,,,,,,,,,,,,,,,,,,,,,,,,,,,,,,,,,,,,,,,,,
,5,,,,,13,,,,,,,,,,,,,100,400,,,,,,,,,350,333,400,300,,,,"Jump predeploy","Jump deploy lvl5",,"Jump deploy top lvl5",,,,,,,90,,,,,,,,,,,,,,,,,,,,,,,,,,,,,,,,,,,,,,,,,,,,,,,,,,,,,,,,,,,,,,,,,,,,,,,,,,
"xmas",1,"TID_XMAS_SPELL","TID_XMAS_SPELL_INFO","TRUE",1,1,,2,90000,800,4500,6000,,"Elixir",,,,,,,,,300,,,,,,100,5,400,100,"sc/ui.sc","icon_spell_xmas","icon_spell_xmas","xmas predeploy","xmas Red Smoke",2500,"xmas test","xmas Drop Bombs","xmas boom","FALSE",,,,0,"Spell Forge","TID_INFO_TARGET_TYPE_GROUND_AND_AIR",,,,,,,,,,,,,,,,,,,,,,,,,,,,,70,,"TRUE",,,,,,,,,,,,,,,,,,,,,,,,,,,,,,,,,,,,,,,,,
"Freeze",1,"TID_FREEZE_SPELL","TID_FREEZE_SPELL_INFO",,4,7,5,1,180,800,300,400,36,"Elixir",1200000,,,,,,,,,,,,,,350,1,400,0,"sc/ui.sc","icon_spell_freeze","icon_spell_freeze","Freeze predeploy","Freeze deploy lvl1",,"Freeze deploy2 lvl1",,,"TRUE",2500,,,1000,"Spell Forge","TID_INFO_TARGET_TYPE_GROUND_AND_AIR",,,,,,,,,,,,,,,,,,,,,,,,,,,,,,,,,,,,,,2250,,,,,,,,,,,,,,,,,,,,,,"TRUE",,,,,,,,,,,,"SpellFreeze"
,2,,,,,7,,,,,,,62,,1700000,,,,,,,,,,,,,,350,1,400,0,,,,,"Freeze deploy lvl2",,"Freeze deploy2 lvl2",,,,3000,,,1150,,,,,,,,,,,,,,,,,,,,,,,,,,,,,,,,,,,,,,,,2700,,,,,,,,,,,,,,,,,,,,,,,,,,,,,,,,,,
,3,,,,,8,,,,,,,78,,3000000,,,,,,,,,,,,,,350,1,400,0,,,,,"Freeze deploy lvl3",,"Freeze deploy2 lvl3",,,,3500,,,1300,,,,,,,,,,,,,,,,,,,,,,,,,,,,,,,,,,,,,,,,3150,,,,,,,,,,,,,,,,,,,,,,,,,,,,,,,,,,
,4,,,,,8,,,,,,,96,,4200000,,,,,,,,,,,,,,350,1,400,0,,,,,"Freeze deploy lvl4",,"Freeze deploy2 lvl4",,,,4000,,,1450,,,,,,,,,,,,,,,,,,,,,,,,,,,,,,,,,,,,,,,,3600,,,,,,,,,,,,,,,,,,,,,,,,,,,,,,,,,,
,5,,,,,8,,,,,,,144,,6000000,,,,,,,,,,,,,,350,1,400,0,,,,,"Freeze deploy lvl5",,"Freeze deploy2 lvl5",,,,4500,,,1600,,,,,,,,,,,,,,,,,,,,,,,,,,,,,,,,,,,,,,,,4050,,,,,,,,,,,,,,,,,,,,,,,,,,,,,,,,,,
,6,,,,,9,,,,,,,168,,7000000,,,,,,,,,,,,,,350,1,400,0,,,,,"Freeze deploy lvl6",,"Freeze deploy2 lvl6",,,,5000,,,1750,,,,,,,,,,,,,,,,,,,,,,,,,,,,,,,,,,,,,,,,4500,,,,,,,,,,,,,,,,,,,,,,,,,,,,,,,,,,
,7,,,,,10,,,,,,,,,,,,,,,,,,,,,,,350,1,400,0,,,,,"Freeze deploy lvl7",,"Freeze deploy2 lvl7",,,,5500,,,1900,,,,,,,,,,,,,,,,,,,,,,,,,,,,,,,,,,,,,,,,4950,,,,,,,,,,,,,,,,,,,,,,,,,,,,,,,,,,
"xmas2013",1,"TID_XMAS_SPELL","TID_XMAS_SPELL_INFO",,1,1,,2,360,0,4500,6000,,"Elixir",,,,,,,,,150,,,,,,100,5,100,100,"sc/ui.sc","icon_spell_xmas","icon_spell_xmas",,"xmas Red Smoke",2500,"xmas test","xmas Drop Bombs","xmas boom","FALSE",,"Xmas TombStone",5,0,"Spell Forge","TID_INFO_TARGET_TYPE_GROUND_AND_AIR",,,,,,,,,,,,,,,,,,,,,,,,,,,,,,"TRUE",,"TRUE",,,5,,,,,,,,,,,,,,,,,,,,,,,,,,,,,"TRUE","TRUE",,,,,,,
,2,,,,,,,,,,,,,,,,,,,,,,160,,,,,,,,,,,,,,,,,,,,,,,,,,,,,,,,,,,,,,,,,,,,,,,,,,,,,,,,,,,,6,,,,,,,,,,,,,,,,,,,,,,,,,,,,,,,,,,,,,
,3,,,,,,,,,,,,,,,,,,,,,,170,,,,,,,,,,,,,,,,,,,,,,,,,,,,,,,,,,,,,,,,,,,,,,,,,,,,,,,,,,,,7,,,,,,,,,,,,,,,,,,,,,,,,,,,,,,,,,,,,,
,4,,,,,,,,,,,,,,,,,,,,,,180,,,,,,,,,,,,,,,,,,,,,,,,,,,,,,,,,,,,,,,,,,,,,,,,,,,,,,,,,,,,8,,,,,,,,,,,,,,,,,,,,,,,,,,,,,,,,,,,,,
,5,,,,,,,,,,,,,,,,,,,,,,190,,,,,,,,,,,,,,,,,,,,,,,,,,,,,,,,,,,,,,,,,,,,,,,,,,,,,,,,,,,,9,,,,,,,,,,,,,,,,,,,,,,,,,,,,,,,,,,,,,
,6,,,,,,,,,,,,,,,,,,,,,,200,,,,,,,,,,,,,,,,,,,,,,,,,,,,,,,,,,,,,,,,,,,,,,,,,,,,,,,,,,,,10,,,,,,,,,,,,,,,,,,,,,,,,,,,,,,,,,,,,,
,7,,,,,,,,,,,,,,,,,,,,,,220,,,,,,,,,,,,,,,,,,,,,,,,,,,,,,,,,,,,,,,,,,,,,,,,,,,,,,,,,,,,11,,,,,,,,,,,,,,,,,,,,,,,,,,,,,,,,,,,,,
,8,,,,,,,,,,,,,,,,,,,,,,240,,,,,,,,,,,,,,,,,,,,,,,,,,,,,,,,,,,,,,,,,,,,,,,,,,,,,,,,,,,,12,,,,,,,,,,,,,,,,,,,,,,,,,,,,,,,,,,,,,
,9,,,,,,,,,,,,,,,,,,,,,,260,,,,,,,,,,,,,,,,,,,,,,,,,,,,,,,,,,,,,,,,,,,,,,,,,,,,,,,,,,,,13,,,,,,,,,,,,,,,,,,,,,,,,,,,,,,,,,,,,,
,10,,,,,,,,,,,,,,,,,,,,,,280,,,,,,,,,,,,,,,,,,,,,,,,,,,,,,,,,,,,,,,,,,,,,,,,,,,,,,,,,,,,14,,,,,,,,,,,,,,,,,,,,,,,,,,,,,,,,,,,,,
,11,,,,,,,,,,,,,,,,,,,,,,300,,,,,,,,,,,,,,,,,,,,,,,,,,,,,,,,,,,,,,,,,,,,,,,,,,,,,,,,,,,,15,,,,,,,,,,,,,,,,,,,,,,,,,,,,,,,,,,,,,
"Slow",1,"TID_SLOW_SPELL",,"TRUE",1,1,,2,2700,0,300,300,0,"Elixir",0,500,-30,-30,,,-30,,,,,,,,500,9999,0,300,,,,,"Totem Slow",,,,,"TRUE",,,,0,"Spell Forge","TID_INFO_TARGET_TYPE_GROUND_AND_AIR",,,,,,,,,,,,,,,,,,,,,,,,,,,,,,,,,,,,,,,,,,,,,,,,,,,,,,,,,,,,,,,,,,,,,,,,
,2,,,,1,1,,2,2700,0,300,300,0,,0,500,-40,-40,,,-40,,,,,,,,500,9999,0,300,,,,,,,,,,,,,,0,,,,,,,,,,,,,,,,,,,,,,,,,,,,,,,,,,,,,,,,,,,,,,,,,,,,,,,,,,,,,,,,,,,,,,,,,,
"BoostDefences",1,"TID_BOOSTDEFENCES_SPELL",,"TRUE",1,1,,2,2700,0,300,300,0,"Elixir",0,500,,,,,,50,,,,,,,400,9999,0,300,,,,,"Totem Slow",,,,,"TRUE",,,,0,"Spell Forge","TID_INFO_TARGET_TYPE_GROUND_AND_AIR",,,,,,,,,,,,,,,,,,,,,,,,,,,,,,,,,,,,,,,,,,,,,,,,,,,,,,,,,,,,,,,,,,,,,,,,
,2,,,,1,1,,2,2700,0,300,300,,,,500,,,,,,75,,,,,,,400,9999,0,300,,,,,,,,,,,,,,0,,,,,,,,,,,,,,,,,,,,,,,,,,,,,,,,,,,,,,,,,,,,,,,,,,,,,,,,,,,,,,,,,,,,,,,,,,
"Poison",1,"TID_POISON_CLOUD","TID_POISON_CLOUD_INFO",,1,1,5,1,180,800,300,400,8,"DarkElixir",10000,500,-26,-26,,,,,,,,,,,400,40,0,400,"sc/ui.sc","icon_spell_toxic","icon_spell_toxic","toxic_Predeploy","Toxic deploy ground halloween",,"Toxic deploy halloween",,,"TRUE",,,,-160,"Mini Spell Factory","TID_INFO_TARGET_TYPE_GROUND_AND_AIR",,,5,,,,,,90,"TRUE",-35,"TRUE","TRUE",,,,,,,,,,,,,,,,,,,,,,,,,,,,,,,,,,,,,,,,,,,,,,,,"TRUE",,,"TRUE","TRUE","TRUE","TRUE",,,,,"SpellPoison"
,2,,,,,6,,,,,,,24,,20000,500,-30,-30,,,,,,,,,,,,,,,,,,,,,,,,,,,,-170,,,,,,,,,,,115,,-40,,,,,,,,,,,,,,,,,,,,,,,,,,,,,,,,,,,,,,,,,,,,,,,,,,,,,,,,,,,,,
,3,,,,,7,,,,,,,62,,43000,500,-34,-34,,,,,,,,,,,,,,,,,,,,,,,,,,,,-190,,,,,,,,,,,145,,-45,,,,,,,,,,,,,,,,,,,,,,,,,,,,,,,,,,,,,,,,,,,,,,,,,,,,,,,,,,,,,
,4,,,,,8,,,,,,,96,,70000,500,-38,-38,,,,,,,,,,,,,,,,,,,,,,,,,,,,-210,,,,,,,,,,,180,,-50,,,,,,,,,,,,,,,,,,,,,,,,,,,,,,,,,,,,,,,,,,,,,,,,,,,,,,,,,,,,,
,5,,,,,9,,,,,,,150,,110000,500,-40,-40,,,,,,,,,,,,,,,,,,,,,,,,,,,,-230,,,,,,,,,,,220,,-55,,,,,,,,,,,,,,,,,,,,,,,,,,,,,,,,,,,,,,,,,,,,,,,,,,,,,,,,,,,,,
,6,,,,,10,,,,,,,168,,155000,500,-42,-42,,,,,,,,,,,,,,,,,,,,,,,,,,,,-250,,,,,,,,,,,260,,-60,,,,,,,,,,,,,,,,,,,,,,,,,,,,,,,,,,,,,,,,,,,,,,,,,,,,,,,,,,,,,
,7,,,,,11,,,,,,,240,,230000,500,-44,-44,,,,,,,,,,,,,,,,,,,,,,,,,,,,-270,,,,,,,,,,,280,,-65,,,,,,,,,,,,,,,,,,,,,,,,,,,,,,,,,,,,,,,,,,,,,,,,,,,,,,,,,,,,,
,8,,,,,12,,,,,,,318,,320000,500,-46,-46,,,,,,,,,,,,,,,,,,,,,,,,,,,,-275,,,,,,,,,,,300,,-68,,,,,,,,,,,,,,,,,,,,,,,,,,,,,,,,,,,,,,,,,,,,,,,,,,,,,,,,,,,,,
,9,,,,,13,,,,,,,360,,350000,500,-48,-48,,,,,,,,,,,,,,,,,,,,,,,,,,,,-280,,,,,,,,,,,320,,-70,,,,,,,,,,,,,,,,,,,,,,,,,,,,,,,,,,,,,,,,,,,,,,,,,,,,,,,,,,,,,
,10,,,,,14,,,,,,,,,,500,-50,-50,,,,,,,,,,,,,,,,,,,,,,,,,,,,-285,,,,,,,,,,,340,,-72,,,,,,,,,,,,,,,,,,,,,,,,,,,,,,,,,,,,,,,,,,,,,,,,,,,,,,,,,,,,,
"Earthquake",1,"TID_EARTHQUAKE","TID_EARTHQUAKE_INFO",,2,1,5,1,180,800,300,400,18,"DarkElixir",12000,,,,,,,,,,29,,,,350,5,200,400,"sc/ui.sc","icon_spell_earthquake","icon_spell_earthquake","Earthquake_Predeploy","EarthQuake_deploy_ground_0",,"EarthQuake_deploy_0",,,"TRUE",,,,150,"Mini Spell Factory","TID_INFO_TARGET_TYPE_BUILDINGS_AND_WALLS","Wall",5,,,,,,,,,,,,,,,,,,,,,,,,,,,,,,,,,,,,,,,,,,,,,,,,,,,,,,,,,,,,"TRUE","TRUE",,"TRUE",,,,,,,"SpellQuake"
,2,,,,,6,,,,,,,36,,24000,,,,,,,,,,34,,,,380,,,400,,,,,"EarthQuake_deploy_ground",,"EarthQuake_deploy",,,,,,,145,,,,,,,,,,,,,,,,,,,,,,,,,,,,,,,,,,,,,,,,,,,,,,,,,,,,,,,,,,,,,,,,,,,,,,,,,,
,3,,,,,7,,,,,,,102,,51000,,,,,,,,,,42,,,,410,,,400,,,,,"EarthQuake_deploy_ground_2",,"EarthQuake_deploy_2",,,,,,,140,,,,,,,,,,,,,,,,,,,,,,,,,,,,,,,,,,,,,,,,,,,,,,,,,,,,,,,,,,,,,,,,,,,,,,,,,,
,4,,,,,8,,,,,,,186,,84000,,,,,,,,,,50,,,,440,,,400,,,,,"EarthQuake_deploy_ground_3",,"EarthQuake_deploy_3",,,,,,,135,,,,,,,,,,,,,,,,,,,,,,,,,,,,,,,,,,,,,,,,,,,,,,,,,,,,,,,,,,,,,,,,,,,,,,,,,,
,5,,,,,9,,,,,,,,,,,,,,,,,,,58,,,,470,,,400,,,,,"EarthQuake_deploy_ground_4",,"EarthQuake_deploy_4",,,,,,,130,,,,,,,,,,,,,,,,,,,,,,,,,,,,,,,,,,,,,,,,,,,,,,,,,,,,,,,,,,,,,,,,,,,,,,,,,,
"SpeedUp",1,"TID_SPEEDUP","TID_SPEEDUP_INFO",,3,1,5,1,180,800,300,400,36,"DarkElixir",16000,1000,28,14,,,,,,,,,,,400,40,200,250,"sc/ui.sc","icon_spell_speedup","icon_spell_speedup","speedup_Predeploy","Speedup_deploy_lvl1",,"Speedup_deploy_top_lvl1",,,"TRUE",,,,200,"Mini Spell Factory","TID_INFO_TARGET_TYPE_GROUND_AND_AIR",,,,,,,,,,,,,,,,,,,,,,,,,,,,,,,,,,,,,,,,,,,,,,,,,,,,,,,,,,,,,,,,,,,,,,,,"SpellBooster"
,2,,,,,7,,,,,,,62,,34000,,34,17,,,,,,,,,,,,60,,,,,,,"Speedup_deploy_lvl2",,"Speedup_deploy_top_lvl2",,,,,,,200,,,,,,,,,,,,,,,,,,,,,,,,,,,,,,,,,,,,,,,,,,,,,,,,,,,,,,,,,,,,,,,,,,,,,,,,,,
,3,,,,,8,,,,,,,120,,60000,,40,20,,,,,,,,,,,,80,,,,,,,"Speedup_deploy_lvl3",,"Speedup_deploy_top_lvl3",,,,,,,180,,,,,,,,,,,,,,,,,,,,,,,,,,,,,,,,,,,,,,,,,,,,,,,,,,,,,,,,,,,,,,,,,,,,,,,,,,
,4,,,,,8,,,,,,,186,,77000,,46,23,,,,,,,,,,,,100,,,,,,,"Speedup_deploy_lvl4",,"Speedup_deploy_top_lvl4",,,,,,,180,,,,,,,,,,,,,,,,,,,,,,,,,,,,,,,,,,,,,,,,,,,,,,,,,,,,,,,,,,,,,,,,,,,,,,,,,,
,5,,,,,9,,,,,,,,,,,52,26,,,,,,,,,,,,120,,,,,,,"Speedup_deploy_lvl5",,"Speedup_deploy_top_lvl5",,,,,,,180,,,,,,,,,,,,,,,,,,,,,,,,,,,,,,,,,,,,,,,,,,,,,,,,,,,,,,,,,,,,,,,,,,,,,,,,,,
"Shield",1,,,"TRUE",,,,,,0,0,0,,,,,,,,,,,,,,,,,900,1,0,0,,,,,"GrandWarden Shield",,,,,"TRUE",,,,,,"TID_PREFERRED_TARGET_ANY",,,,,,,,,,,,,,"TRUE",3000,100,,,,,,,,,,,,,,,,,,,,,,,,,,,,,,,,,,,,,,,,,,,,"TRUE",,,,"TRUE","TRUE","TRUE","TRUE",,,,,
,2,,,,,,,,,,,,,,,,,,,,,,,,,,,,,1,,,,,,,,,,,,,,,,,,,,,,,,,,,,,,,,,3250,,,,,,,,,,,,,,,,,,,,,,,,,,,,,,,,,,,,,,,,,,,,,,,,,,,,,,,,,
,3,,,,,,,,,,,,,,,,,,,,,,,,,,,,,1,,,,,,,,,,,,,,,,,,,,,,,,,,,,,,,,,4000,,,,,,,,,,,,,,,,,,,,,,,,,,,,,,,,,,,,,,,,,,,,,,,,,,,,,,,,,
,4,,,,,,,,,,,,,,,,,,,,,,,,,,,,,1,,,,,,,,,,,,,,,,,,,,,,,,,,,,,,,,,4250,,,,,,,,,,,,,,,,,,,,,,,,,,,,,,,,,,,,,,,,,,,,,,,,,,,,,,,,,
,5,,,,,,,,,,,,,,,,,,,,,,,,,,,,,1,,,,,,,,,,,,,,,,,,,,,,,,,,,,,,,,,4500,,,,,,,,,,,,,,,,,,,,,,,,,,,,,,,,,,,,,,,,,,,,,,,,,,,,,,,,,
,6,,,,,,,,,,,,,,,,,,,,,,,,,,,,,1,,,,,,,,,,,,,,,,,,,,,,,,,,,,,,,,,5500,,,,,,,,,,,,,,,,,,,,,,,,,,,,,,,,,,,,,,,,,,,,,,,,,,,,,,,,,
,7,,,,,,,,,,,,,,,,,,,,,,,,,,,,,1,,,,,,,,,,,,,,,,,,,,,,,,,,,,,,,,,5750,,,,,,,,,,,,,,,,,,,,,,,,,,,,,,,,,,,,,,,,,,,,,,,,,,,,,,,,,
,8,,,,,,,,,,,,,,,,,,,,,,,,,,,,,1,,,,,,,,,,,,,,,,,,,,,,,,,,,,,,,,,6000,,,,,,,,,,,,,,,,,,,,,,,,,,,,,,,,,,,,,,,,,,,,,,,,,,,,,,,,,
,9,,,,,,,,,,,,,,,,,,,,,,,,,,,,,1,,,,,,,,,,,,,,,,,,,,,,,,,,,,,,,,,7000,,,,,,,,,,,,,,,,,,,,,,,,,,,,,,,,,,,,,,,,,,,,,,,,,,,,,,,,,
,10,,,,,,,,,,,,,,,,,,,,,,,,,,,,,1,,,,,,,,,,,,,,,,,,,,,,,,,,,,,,,,,7200,,,,,,,,,,,,,,,,,,,,,,,,,,,,,,,,,,,,,,,,,,,,,,,,,,,,,,,,,
,11,,,,,,,,,,,,,,,,,,,,,,,,,,,,,1,,,,,,,,,,,,,,,,,,,,,,,,,,,,,,,,,7400,,,,,,,,,,,,,,,,,,,,,,,,,,,,,,,,,,,,,,,,,,,,,,,,,,,,,,,,,
,12,,,,,,,,,,,,,,,,,,,,,,,,,,,,,1,,,,,,,,,,,,,,,,,,,,,,,,,,,,,,,,,8000,,,,,,,,,,,,,,,,,,,,,,,,,,,,,,,,,,,,,,,,,,,,,,,,,,,,,,,,,
,13,,,,,,,,,,,,,,,,,,,,,,,,,,,,,1,,,,,,,,,,,,,,,,,,,,,,,,,,,,,,,,,8200,,,,,,,,,,,,,,,,,,,,,,,,,,,,,,,,,,,,,,,,,,,,,,,,,,,,,,,,,
,14,,,,,,,,,,,,,,,,,,,,,,,,,,,,,1,,,,,,,,,,,,,,,,,,,,,,,,,,,,,,,,,8400,,,,,,,,,,,,,,,,,,,,,,,,,,,,,,,,,,,,,,,,,,,,,,,,,,,,,,,,,
,15,,,,,,,,,,,,,,,,,,,,,,,,,,,,,,,,,,,,,,,,,,,,,,,,,,,,,,,,,,,,,,9000,,,,,,,,,,,,,,,,,,,,,,,,,,,,,,,,,,,,,,,,,,,,,,,,,,,,,,,,,
,16,,,,,,,,,,,,,,,,,,,,,,,,,,,,,,,,,,,,,,,,,,,,,,,,,,,,,,,,,,,,,,9100,,,,,,,,,,,,,,,,,,,,,,,,,,,,,,,,,,,,,,,,,,,,,,,,,,,,,,,,,
,17,,,,,,,,,,,,,,,,,,,,,,,,,,,,,,,,,,,,,,,,,,,,,,,,,,,,,,,,,,,,,,9200,,,,,,,,,,,,,,,,,,,,,,,,,,,,,,,,,,,,,,,,,,,,,,,,,,,,,,,,,
,18,,,,,,,,,,,,,,,,,,,,,,,,,,,,,,,,,,,,,,,,,,,,,,,,,,,,,,,,,,,,,,9500,,,,,,,,,,,,,,,,,,,,,,,,,,,,,,,,,,,,,,,,,,,,,,,,,,,,,,,,,
"Growth",1,,,"TRUE",,,,,,0,0,300,,,,,,,,,,,0,,,,,,900,4000,200,300,,,,,"Growth aura",,,,,"TRUE",,,,,,"TID_INFO_TARGET_TYPE_GROUND_AND_AIR",,,,,,400,0,275,,,,,,"TRUE",,,,"Enemy growth aura",,,,,,,,,,,,,,,,,,,,,,,,,,,,,,,,,,,,,,,,,,,,,,,,,,,,,,
,2,,,,,,,,,,,,,,,,,,,,,,,,,,,,,,,,,,,,,,,,,,,,,,,,,,,,,500,0,350,,,,,,,,,,,,,,,,,,,,,,,,,,,,,,,,,,,,,,,,,,,,,,,,,,,,,,,,,,,,,,,,
,3,,,,,,,,,,,,,,,,,,,,,,,,,,,,,,,,,,,,,,,,,,,,,,,,,,,,,600,0,425,,,,,,,,,,,,,,,,,,,,,,,,,,,,,,,,,,,,,,,,,,,,,,,,,,,,,,,,,,,,,,,,
,4,,,,,,,,,,,,,,,,,,,,,,,,,,,,,,,,,,,,,,,,,,,,,,,,,,,,,700,0,500,,,,,,,,,,,,,,,,,,,,,,,,,,,,,,,,,,,,,,,,,,,,,,,,,,,,,,,,,,,,,,,,
,5,,,,,,,,,,,,,,,,,,,,,,,,,,,,,,,,,,,,,,,,,,,,,,,,,,,,,800,0,575,,,,,,,,,,,,,,,,,,,,,,,,,,,,,,,,,,,,,,,,,,,,,,,,,,,,,,,,,,,,,,,,
,6,,,,,,,,,,,,,,,,,,,,,,,,,,,,,,,,,,,,,,,,,,,,,,,,,,,,,900,0,650,,,,,,,,,,,,,,,,,,,,,,,,,,,,,,,,,,,,,,,,,,,,,,,,,,,,,,,,,,,,,,,,
,7,,,,,,,,,,,,,,,,,,,,,,,,,,,,,,,,,,,,,,,,,,,,,,,,,,,,,1000,0,725,,,,,,,,,,,,,,,,,,,,,,,,,,,,,,,,,,,,,,,,,,,,,,,,,,,,,,,,,,,,,,,,
"Artillery Center",1,,,"TRUE",,,,,,,,,,,,,,,,,,,275,,,,,,75,1,0,150,,,,,,,,,"Artillery Hit","FALSE",,,,,,,,,,,,,,,,,,,,,,,,,,,,,,,,,,,,,,,,,,,,,,,,,,,,,,,,,,,,,,,,,,,,,,,,,,,,,,
,2,,,,,,,,,,,,,,,,,,,,,,325,,,,,,,,,,,,,,,,,,,,,,,,,,,,,,,,,,,,,,,,,,,,,,,,,,,,,,,,,,,,,,,,,,,,,,,,,,,,,,,,,,,,,,,,,,,,,,,,,
,3,,,,,,,,,,,,,,,,,,,,,,375,,,,,,,,,,,,,,,,,,,,,,,,,,,,,,,,,,,,,,,,,,,,,,,,,,,,,,,,,,,,,,,,,,,,,,,,,,,,,,,,,,,,,,,,,,,,,,,,,
,4,,,,,,,,,,,,,,,,,,,,,,425,,,,,,,,,,,,,,,,,,,,,,,,,,,,,,,,,,,,,,,,,,,,,,,,,,,,,,,,,,,,,,,,,,,,,,,,,,,,,,,,,,,,,,,,,,,,,,,,,
,5,,,,,,,,,,,,,,,,,,,,,,475,,,,,,,,,,,,,,,,,,,,,,,,,,,,,,,,,,,,,,,,,,,,,,,,,,,,,,,,,,,,,,,,,,,,,,,,,,,,,,,,,,,,,,,,,,,,,,,,,
,6,,,,,,,,,,,,,,,,,,,,,,500,,,,,,,,,,,,,,,,,,,,,,,,,,,,,,,,,,,,,,,,,,,,,,,,,,,,,,,,,,,,,,,,,,,,,,,,,,,,,,,,,,,,,,,,,,,,,,,,,
"MiniGrowth",1,,,"TRUE",,,,,,0,0,300,,,,,,,,,,,,,,,,,350,40,200,300,,,,,"Toxic deploy ground",,,,,"TRUE",,,,,,,,,,,,10,0,50,,,,,,,,,,,,,,,,,,,,,,,,,,,,,,,,,,,,,,,,,,,,,,,,,,,,,,,,,,,,,,,,
"Duplicate",1,"TID_DUPLICATE_SPELL","TID_DUPLICATE_SPELL_INFO",,5,1,15,3,540,800,300,400,42,"Elixir",2100000,,,,,,,,,,,,,,350,60,200,300,"sc/ui.sc","icon_spell_clone","icon_spell_clone","Clone_Predeploy","Clone deploy",,"Clone deploy top",,,"TRUE",,,,300,"Spell Forge","TID_INFO_TARGET_TYPE_GROUND_AND_AIR",,,,,,,,,,,,,,,,,,,,22,30000,,,,,,,,,,,,,,,,,,,,,,,,,,,,,,,,,,,,,,,,,,,,,,,,,,,"SpellBooster"
,2,,,,,8,,,,,,,72,,3400000,,,,,,,,,,,,,,,,,300,,,,,,,,,,,,,,330,,,,,,,,,,,,,,,,,,,,,,24,,,,,,,,,,,,,,,,,,,,,,,,,,,,,,,,,,,,,,,,,,,,,,,,,,,,
,3,,,,,8,,,,,,,84,,4200000,,,,,,,,,,,,,,,,,300,,,,,,,,,,,,,,360,,,,,,,,,,,,,,,,,,,,,,26,,,,,,,,,,,,,,,,,,,,,,,,,,,,,,,,,,,,,,,,,,,,,,,,,,,,
,4,,,,,9,,,,,,,96,,5600000,,,,,,,,,,,,,,,,,300,,,,,,,,,,,,,,360,,,,,,,,,,,,,,,,,,,,,,28,,,,,,,,,,,,,,,,,,,,,,,,,,,,,,,,,,,,,,,,,,,,,,,,,,,,
,5,,,,,9,,,,,,,168,,7200000,,,,,,,,,,,,,,,,,300,,,,,,,,,,,,,,360,,,,,,,,,,,,,,,,,,,,,,30,,,,,,,,,,,,,,,,,,,,,,,,,,,,,,,,,,,,,,,,,,,,,,,,,,,,
,6,,,,,11,,,,,,,216,,15500000,,,,,,,,,,,,,,,,,300,,,,,,,,,,,,,,330,,,,,,,,,,,,,,,,,,,,,,34,,,,,,,,,,,,,,,,,,,,,,,,,,,,,,,,,,,,,,,,,,,,,,,,,,,,
,7,,,,,12,,,,,,,318,,18000000,,,,,,,,,,,,,,,,,300,,,,,,,,,,,,,,310,,,,,,,,,,,,,,,,,,,,,,38,,,,,,,,,,,,,,,,,,,,,,,,,,,,,,,,,,,,,,,,,,,,,,,,,,,,
,8,,,,,13,,,,,,,,,,,,,,,,,,,,,,,,,,300,,,,,,,,,,,,,,290,,,,,,,,,,,,,,,,,,,,,,42,,,,,,,,,,,,,,,,,,,,,,,,,,,,,,,,,,,,,,,,,,,,,,,,,,,,
"SpawnSkele",1,"TID_CREATE_SKELETONS_SPELL","TID_CREATE_SKELETONS_SPELL_INFO",,4,1,5,1,180,800,0,0,32,"DarkElixir",22000,,,,,,,,,,,,,,225,1,200,300,"sc/ui.sc","icon_spell_skeleton","icon_spell_skeleton","skele_Predeploy","SkeleSpell Summon1",,,,,,,,,460,"Mini Spell Factory","TID_INFO_TARGET_TYPE_GROUND",,,,,,,,,,,,,,,,,,,,,,"ShieldedSkeleton",12,,,,12000,3,,,,,,,,,,,,,,,,,,,,,,,,,,,,,,,,,,,,,,,,,,,,"SpellSkeleton"
,2,,,,,8,,,,,,,62,,34000,,,,,,,,,,,,,,,,,,,,,,"SkeleSpell Summon2",,,,,,,,,470,,,,,,,,,,,,,,,,,,,,,,,,,13,,,,13000,,,,,,,,,,,,,,,,,,,,,,,,,,,,,,,,,,,,,,,,,,,,,
,3,,,,,8,,,,,,,96,,50000,,,,,,,,,,,,,,,,,,,,,,"SkeleSpell Summon3",,,,,,,,,480,,,,,,,,,,,,,,,,,,,,,,,,,14,,,,14000,,,,,,,,,,,,,,,,,,,,,,,,,,,,,,,,,,,,,,,,,,,,,
,4,,,,,9,,,,,,,102,,80000,,,,,,,,,,,,,,,,,,,,,,"SkeleSpell Summon4",,,,,,,,,500,,,,,,,,,,,,,,,,,,,,,,,,,15,,,,15000,,,,,,,,,,,,,,,,,,,,,,,,,,,,,,,,,,,,,,,,,,,,,
,5,,,,,10,,,,,,,132,,100000,,,,,,,,,,,,,,,,,,,,,,"SkeleSpell Summon5",,,,,,,,,520,,,,,,,,,,,,,,,,,,,,,,,,,16,,,,16000,,,,,,,,,,,,,,,,,,,,,,,,,,,,,,,,,,,,,,,,,,,,,
,6,,,,,10,,,,,,,168,,150000,,,,,,,,,,,,,,,,,,,,,,"SkeleSpell Summon6",,,,,,,,,540,,,,,,,,,,,,,,,,,,,,,,,,,17,,,,17000,,,,,,,,,,,,,,,,,,,,,,,,,,,,,,,,,,,,,,,,,,,,,
,7,,,,,11,,,,,,,318,,320000,,,,,,,,,,,,,,,,,,,,,,"SkeleSpell Summon7",,,,,,,,,560,,,,,,,,,,,,,,,,,,,,,,,,,18,,,,18000,,,,,,,,,,,,,,,,,,,,,,,,,,,,,,,,,,,,,,,,,,,,,
,8,,,,,13,,,,,,,,,,,,,,,,,,,,,,,,,,,,,,,"SkeleSpell Summon8",,,,,,,,,580,,,,,,,,,,,,,,,,,,,,,,,,,19,,,,19000,,,,,,,,,,,,,,,,,,,,,,,,,,,,,,,,,,,,,,,,,,,,,
"FreezeTrap",1,,,"TRUE",,,,,,0,300,10,,,,,,,,,,,,,,,,,350,1,400,0,,,,,"Freeze deploy lvl1",,"Freeze deploy2 lvl1",,,"TRUE",5000,,,,,,,,,,,,,,,,,,,,,,,,,,,,,,,,,,,"TRUE","TRUE","TRUE",,,,,,4500,,,,,,,,,,,,,,,,,,,,,,"TRUE",,,,,,,,,,,,
"Mortar2Poison",1,,,"TRUE",,,,,,0,300,500,,,,500,,,,,,,6,,,,,,250,50,0,400,,,,,"Multi Mortar Ground Effects",,"Multi Mortar Area Effects",,,"TRUE",,,,,,,,,,,,,,,,,,,,,,,,,,,,,,,,,,,,,,,1,,,,,,,,,,,,,,,,,,,,,,,,,,,"TRUE","TRUE",,,"TRUE","TRUE","TRUE","TRUE",,,,,
,2,,,,,,,,,,,,,,,,,,,,,,7,,,,,,,,,,,,,,,,,,,,,,,,,,,,,,,,,,,,,,,,,,,,,,,,,,,,,,,,,,,,,,,,,,,,,,,,,,,,,,,,,,,,,,,,,,,,,,,,,
,3,,,,,,,,,,,,,,,,,,,,,,8,,,,,,,,,,,,,,,,,,,,,,,,,,,,,,,,,,,,,,,,,,,,,,,,,,,,,,,,,,,,,,,,,,,,,,,,,,,,,,,,,,,,,,,,,,,,,,,,,
,4,,,,,,,,,,,,,,,,,,,,,,9,,,,,,,,,,,,,,,,,,,,,,,,,,,,,,,,,,,,,,,,,,,,,,,,,,,,,,,,,,,,,,,,,,,,,,,,,,,,,,,,,,,,,,,,,,,,,,,,,
,5,,,,,,,,,,,,,,,,,,,,,,10,,,,,,,,,,,,,,,,,,,,,,,,,,,,,,,,,,,,,,,,,,,,,,,,,,,,,,,,,,,,,,,,,,,,,,,,,,,,,,,,,,,,,,,,,,,,,,,,,
,6,,,,,,,,,,,,,,,,,,,,,,11,,,,,,,,,,,,,,,,,,,,,,,,,,,,,,,,,,,,,,,,,,,,,,,,,,,,,,,,,,,,,,,,,,,,,,,,,,,,,,,,,,,,,,,,,,,,,,,,,
,7,,,,,,,,,,,,,,,,,,,,,,12,,,,,,,,,,,,,,,,,,,,,,,,,,,,,,,,,,,,,,,,,,,,,,,,,,,,,,,,,,,,,,,,,,,,,,,,,,,,,,,,,,,,,,,,,,,,,,,,,
,8,,,,,,,,,,,,,,,,,,,,,,13,,,,,,,,,,,,,,,,,,,,,,,,,,,,,,,,,,,,,,,,,,,,,,,,,,,,,,,,,,,,,,,,,,,,,,,,,,,,,,,,,,,,,,,,,,,,,,,,,
,9,,,,,,,,,,,,,,,,,,,,,,14,,,,,,,,,,,,,,,,,,,,,,,,,,,,,,,,,,,,,,,,,,,,,,,,,,,,,,,,,,,,,,,,,,,,,,,,,,,,,,,,,,,,,,,,,,,,,,,,,
,10,,,,,,,,,,,,,,,,,,,,,,15,,,,,,,,,,,,,,,,,,,,,,,,,,,,,,,,,,,,,,,,,,,,,,,,,,,,,,,,,,,,,,,,,,,,,,,,,,,,,,,,,,,,,,,,,,,,,,,,,
"TroopRage",1,,,"TRUE",,,,,,,0,0,,,,6000,16,16,,,70,,,,,,,,,1,,0,,,,,,,,,,,,,,,,,,,,,,,,,,,,,,,,,,,,,,,,,,,,,,,,,,,,,,,,,,,,,,,,,,,,,,,,,,,,,,,,,,,,,,,,
,2,,,,,,,,,,,,,,,8000,,,,,,,,,,,,,,,,,,,,,,,,,,,,,,,,,,,,,,,,,,,,,,,,,,,,,,,,,,,,,,,,,,,,,,,,,,,,,,,,,,,,,,,,,,,,,,,,,,,,,,,,
,3,,,,,,,,,,,,,,,10000,,,,,,,,,,,,,,,,,,,,,,,,,,,,,,,,,,,,,,,,,,,,,,,,,,,,,,,,,,,,,,,,,,,,,,,,,,,,,,,,,,,,,,,,,,,,,,,,,,,,,,,,
,4,,,,,,,,,,,,,,,12000,,,,,,,,,,,,,,,,,,,,,,,,,,,,,,,,,,,,,,,,,,,,,,,,,,,,,,,,,,,,,,,,,,,,,,,,,,,,,,,,,,,,,,,,,,,,,,,,,,,,,,,,
,5,,,,,,,,,,,,,,,14000,,,,,,,,,,,,,,,,,,,,,,,,,,,,,,,,,,,,,,,,,,,,,,,,,,,,,,,,,,,,,,,,,,,,,,,,,,,,,,,,,,,,,,,,,,,,,,,,,,,,,,,,
,6,,,,,,,,,,,,,,,16000,,,,,,,,,,,,,,,,,,,,,,,,,,,,,,,,,,,,,,,,,,,,,,,,,,,,,,,,,,,,,,,,,,,,,,,,,,,,,,,,,,,,,,,,,,,,,,,,,,,,,,,,
,7,,,,,,,,,,,,,,,18000,,,,,,,,,,,,,,,,,,,,,,,,,,,,,,,,,,,,,,,,,,,,,,,,,,,,,,,,,,,,,,,,,,,,,,,,,,,,,,,,,,,,,,,,,,,,,,,,,,,,,,,,
,8,,,,,,,,,,,,,,,20000,,,,,,,,,,,,,,,,,,,,,,,,,,,,,,,,,,,,,,,,,,,,,,,,,,,,,,,,,,,,,,,,,,,,,,,,,,,,,,,,,,,,,,,,,,,,,,,,,,,,,,,,
,9,,,,,,,,,,,,,,,22000,,,,,,,,,,,,,,,,,,,,,,,,,,,,,,,,,,,,,,,,,,,,,,,,,,,,,,,,,,,,,,,,,,,,,,,,,,,,,,,,,,,,,,,,,,,,,,,,,,,,,,,,
"ShrinkTrap",1,,,"TRUE",,,,,,0,300,1000,,,,,,0,,,,,,,,,,,400,75,400,250,,,,,"Shrink deploy",,,,,"TRUE",,,,,,,,,,,,,,,,,,,,,,,,,,,,,,,-50,50,,,,,"TRUE",,,,,,,,,,,,,,,,,,,,,,,,,,,,,"TRUE",,,,,,,,,,,,
"Birthday2017",1,"TID_BIRTHDAY_SPELL","TID_BIRTHDAY_SPELL_INFO",,1,1,,2,360,0,150,1750,,"Elixir",,,,0,,,,,500,,,,,,250,1,0,0,"sc/ui.sc","icon_spell_birthday","icon_spell_birthday","Birthday predeploy","BirthdaySpell Summon2",,"BirthdaySpell Summon1","Birthday Hit","Birthday Spell Hit","FALSE",,"Birthday TombStone",3,0,"Spell Forge","TID_INFO_TARGET_TYPE_GROUND_AND_AIR",,,,,,,,,,,,,,,,,,,,,,,,,,,,,70,"TRUE","TRUE","TRUE",,2000,,,,,,,,,,,,,,,,,,,,,,,,,,,,,,,,,,,,,,
"IceGolemFreeze",1,,,"TRUE",,,,,,0,300,400,,,,,,0,,,,,,,,,,,750,1,0,0,,,,,"IceGolem Freeze deploy lvl1",,"IceGolem Freeze deploy2 lvl1",,,"TRUE",4000,,,,,,,,,,,,,,,,,,,,,,,,,,,,,,,,,,,,,,,,,,,3000,,,,,,,,,,,,,,,,,,,,,,"TRUE",,,,,,,,,,,,
,2,,,,,,,,,,,,,,,,,0,,,,,,,,,,,750,1,0,0,,,,,"IceGolem Freeze deploy lvl2",,"IceGolem Freeze deploy2 lvl2",,,,4750,,,,,,,,,,,,,,,,,,,,,,,,,,,,,,,,,,,,,,,,,,,3563,,,,,,,,,,,,,,,,,,,,,,,,,,,,,,,,,,
,3,,,,,,,,,,,,,,,,,0,,,,,,,,,,,750,1,0,0,,,,,"IceGolem Freeze deploy lvl3",,"IceGolem Freeze deploy2 lvl3",,,,5500,,,,,,,,,,,,,,,,,,,,,,,,,,,,,,,,,,,,,,,,,,,4125,,,,,,,,,,,,,,,,,,,,,,,,,,,,,,,,,,
,4,,,,,,,,,,,,,,,,,0,,,,,,,,,,,750,1,0,0,,,,,"IceGolem Freeze deploy lvl4",,"IceGolem Freeze deploy2 lvl4",,,,6250,,,,,,,,,,,,,,,,,,,,,,,,,,,,,,,,,,,,,,,,,,,4688,,,,,,,,,,,,,,,,,,,,,,,,,,,,,,,,,,
,5,,,,,,,,,,,,,,,,,0,,,,,,,,,,,750,1,0,0,,,,,"IceGolem Freeze deploy lvl5",,"IceGolem Freeze deploy2 lvl5",,,,7000,,,,,,,,,,,,,,,,,,,,,,,,,,,,,,,,,,,,,,,,,,,5250,,,,,,,,,,,,,,,,,,,,,,,,,,,,,,,,,,
,6,,,,,,,,,,,,,,,,,0,,,,,,,,,,,750,1,0,0,,,,,"IceGolem Freeze deploy lvl6",,"IceGolem Freeze deploy2 lvl6",,,,7500,,,,,,,,,,,,,,,,,,,,,,,,,,,,,,,,,,,,,,,,,,,5625,,,,,,,,,,,,,,,,,,,,,,,,,,,,,,,,,,
,7,,,,,,,,,,,,,,,,,0,,,,,,,,,,,750,1,0,0,,,,,"IceGolem Freeze deploy lvl7",,"IceGolem Freeze deploy2 lvl7",,,,8000,,,,,,,,,,,,,,,,,,,,,,,,,,,,,,,,,,,,,,,,,,,5950,,,,,,,,,,,,,,,,,,,,,,,,,,,,,,,,,,
"ElectroDragonDie",1,,,"TRUE",,,,,,800,1000,1100,,,,,,,,,,,50,,,,,,200,6,250,400,,,,,"Lightning area",,,"Lightning Spell","Lightning Spell Hit","FALSE",,,,,,,,,,,,,,,,,,,,,,,,,,,,,,,,,,,,,,,,,,,,,,,,,,,,,,,,,,,,,,,,,,,,,,,,,,,,,,
,2,,,,,,,,,,,,,,,,,,,,,,55,,,,,,200,6,250,400,,,,,,,,,,,,,,,,,,,,,,,,,,,,,,,,,,,,,,,,,,,,,,,,,,,,,,,,,,,,,,,,,,,,,,,,,,,,,,,,,,,,,,,,
,3,,,,,,,,,,,,,,,,,,,,,,60,,,,,,200,6,250,400,,,,,,,,,,,,,,,,,,,,,,,,,,,,,,,,,,,,,,,,,,,,,,,,,,,,,,,,,,,,,,,,,,,,,,,,,,,,,,,,,,,,,,,,
,4,,,,,,,,,,,,,,,,,,,,,,65,,,,,,200,6,250,400,,,,,,,,,,,,,,,,,,,,,,,,,,,,,,,,,,,,,,,,,,,,,,,,,,,,,,,,,,,,,,,,,,,,,,,,,,,,,,,,,,,,,,,,
,5,,,,,,,,,,,,,,,,,,,,,,75,,,,,,200,6,250,400,,,,,,,,,,,,,,,,,,,,,,,,,,,,,,,,,,,,,,,,,,,,,,,,,,,,,,,,,,,,,,,,,,,,,,,,,,,,,,,,,,,,,,,,
,6,,,,,,,,,,,,,,,,,,,,,,85,,,,,,200,6,250,400,,,,,,,,,,,,,,,,,,,,,,,,,,,,,,,,,,,,,,,,,,,,,,,,,,,,,,,,,,,,,,,,,,,,,,,,,,,,,,,,,,,,,,,,
,7,,,,,,,,,,,,,,,,,,,,,,95,,,,,,200,6,250,400,,,,,,,,,,,,,,,,,,,,,,,,,,,,,,,,,,,,,,,,,,,,,,,,,,,,,,,,,,,,,,,,,,,,,,,,,,,,,,,,,,,,,,,,
,8,,,,,,,,,,,,,,,,,,,,,,105,,,,,,200,6,250,400,,,,,,,,,,,,,,,,,,,,,,,,,,,,,,,,,,,,,,,,,,,,,,,,,,,,,,,,,,,,,,,,,,,,,,,,,,,,,,,,,,,,,,,,
,9,,,,,,,,,,,,,,,,,,,,,,115,,,,,,200,6,250,400,,,,,,,,,,,,,,,,,,,,,,,,,,,,,,,,,,,,,,,,,,,,,,,,,,,,,,,,,,,,,,,,,,,,,,,,,,,,,,,,,,,,,,,,
,10,,,,,,,,,,,,,,,,,,,,,,125,,,,,,200,6,250,400,,,,,,,,,,,,,,,,,,,,,,,,,,,,,,,,,,,,,,,,,,,,,,,,,,,,,,,,,,,,,,,,,,,,,,,,,,,,,,,,,,,,,,,,
"TornadoTrap",1,,,"TRUE",,,,,,0,300,375,,,,,,,,,,,1,,,,,,400,39,200,128,,,,,"Tornado deploy1",,,,,"TRUE",,,,,,,,,,,,,,,,,,,,,,,,,,,,,,,,,,,,,,,,,,,,,,,,,,400,300,200,100,100,500,400,300,200,150,-180,75,70,100,65,,,,,,,,,,,,,,
,2,,,,,,,,,,,,,,,,,,,,,,1,,,,,,,47,,,,,,,"Tornado deploy2",,,,,,,,,,,,,,,,,,,,,,,,,,,,,,,,,,,,,,,,,,,,,,,,,,,,,,,400,300,200,100,100,500,400,300,200,150,-180,75,70,100,65,,,,,,,,,,,,,,
,3,,,,,,,,,,,,,,,,,,,,,,1,,,,,,,55,,,,,,,"Tornado deploy3",,,,,,,,,,,,,,,,,,,,,,,,,,,,,,,,,,,,,,,,,,,,,,,,,,,,,,,400,300,200,100,100,500,400,300,200,150,-180,75,70,100,65,,,,,,,,,,,,,,
"TroopHaste",1,,,"TRUE",,,,,,800,300,400,,,,4000,52,26,,,,,,,,,,,400,1,200,250,,,,"speedup_Predeploy","Speedup_deploy_lvl1",,"Speedup_deploy_top_lvl1",,,"TRUE",,,,,,,,,,,,,,,,,,,,,,,,,,,,,,,,,,,,,,,,,,,,,,,,,,,,,,,,,,,,,,,,,,,,,,,,,,,,,,
"ProtoSpell2",1,"TID_LIGHTNING_STORM","TID_LIGHTNING_STORM_INFO","TRUE",5,1,,3,360,800,300,400,72,"Elixir",4000000,,,,,,,,,,,,,,500,1,200,300,"sc/ui.sc","icon_spell_lightning","icon_spell_lightning","Heal predeploy","GrandWarden Shield",,"Heal area top",,"Heal spell","TRUE",,,,230,"Spell Forge","TID_INFO_TARGET_TYPE_GROUND_AND_AIR",,,,,,,,,,,,,,,,,,,,,,,,,,,,,,,,,,,,,,,,,,,,,,,,,,,,,,,,,,,,,,,,,,,,,,,,
,2,,,,,9,,,,,,,96,,6000000,,,,,,,,,,,,,,,,,,,,,,,,,,,,,,,,,,,,,,,,,,,,,,,,,,,,,,,,,,,,,,,,,,,,,,,,,,,,,,,,,,,,,,,,,,,,,,,,,,,,,,,,,
,3,,,,,9,,,,,,,156,,9000000,,,,,,,,,,,,,,,,,,,,,,,,,,,,,,,,,,,,,,,,,,,,,,,,,,,,,,,,,,,,,,,,,,,,,,,,,,,,,,,,,,,,,,,,,,,,,,,,,,,,,,,,,
,4,,,,,10,,,,,,,336,,12000000,,,,,,,,,,,,,,,,,,,,,,,,,,,,,,,,,,,,,,,,,,,,,,,,,,,,,,,,,,,,,,,,,,,,,,,,,,,,,,,,,,,,,,,,,,,,,,,,,,,,,,,,,
,5,,,,,10,,,,,,,,,,,,,,,,,,,,,,,,,,,,,,,,,,,,,,,,,,,,,,,,,,,,,,,,,,,,,,,,,,,,,,,,,,,,,,,,,,,,,,,,,,,,,,,,,,,,,,,,,,,,,,,,,,
"SpawnBats",1,"TID_SPELL_BATS","TID_SPELL_BATS_INFO",,5,1,5,1,180,800,0,0,42,"DarkElixir",26000,0,0,0,,,,,0,,,,,,225,1,200,300,"sc/ui.sc","icon_spell_bats","icon_spell_bats","bat_Predeploy","BatSpell Summon1",,,,,,,,,460,"Mini Spell Factory","TID_BUILDING_CLASS_DEFENSE",,,,,,,,,,,,,,,,,,,,,,"SpellBat",7,,,,4200,1,,,,,,,,,,,,,,,,,,,,,,,,,,,,,,,,,,,,,,,,,,,,"SpellBat"
,2,,,,,8,,,,,,,84,,51000,,,,,,,,,,,,,,,,,,,,,,"BatSpell Summon2",,,,,,,,,470,,,,,,,,,,,,,,,,,,,,,,,,,9,,,,5400,,,,,,,,,,,,,,,,,,,,,,,,,,,,,,,,,,,,,,,,,,,,,
,3,,,,,8,,,,,,,126,,70000,,,,,,,,,,,,,,,,,,,,,,"BatSpell Summon3",,,,,,,,,480,,,,,,,,,,,,,,,,,,,,,,,,,11,,,,6600,,,,,,,,,,,,,,,,,,,,,,,,,,,,,,,,,,,,,,,,,,,,,
,4,,,,,9,,,,,,,144,,95000,,,,,,,,,,,,,,,,,,,,,,"BatSpell Summon4",,,,,,,,,500,,,,,,,,,,,,,,,,,,,,,,,,,16,,,,9600,,,,,,,,,,,,,,,,,,,,,,,,,,,,,,,,,,,,,,,,,,,,,
,5,,,,,10,,,,,,,324,,330000,,,,,,,,,,,,,,,,,,,,,,"BatSpell Summon5",,,,,,,,,520,,,,,,,,,,,,,,,,,,,,,,,,,21,,,,12600,,,,,,,,,,,,,,,,,,,,,,,,,,,,,,,,,,,,,,,,,,,,,
,6,,,,,13,,,,,,,,,,,,,,,,,,,,,,,,,,,,,,,"BatSpell Summon6",,,,,,,,,560,,,,,,,,,,,,,,,,,,,,,,,,,22,,,,13200,,,,,,,,,,,,,,,,,,,,,,,,,,,,,,,,,,,,,,,,,,,,,
"IceGolemFreeze_DEF",1,,,"TRUE",,,,,,0,300,400,,,,,,,,,,,,,,,,,550,1,0,0,,,,,"IceGolem Freeze deploy lvl1_DEF",,"IceGolem Freeze deploy2 lvl1_DEF",,,"TRUE",2000,,,,,,,,,,,,,,,,,,,,,,,,,,,,,,,,,,,,,,,,,,,1650,,,,,,,,,,,,,,,,,,,,,,"TRUE",,,,,,,,,,,,
,2,,,,,,,,,,,,,,,,,,,,,,,,,,,,550,1,0,0,,,,,"IceGolem Freeze deploy lvl2_DEF",,"IceGolem Freeze deploy2 lvl2_DEF",,,,2250,,,,,,,,,,,,,,,,,,,,,,,,,,,,,,,,,,,,,,,,,,,1856,,,,,,,,,,,,,,,,,,,,,,,,,,,,,,,,,,
,3,,,,,,,,,,,,,,,,,,,,,,,,,,,,550,1,0,0,,,,,"IceGolem Freeze deploy lvl3_DEF",,"IceGolem Freeze deploy2 lvl3_DEF",,,,2500,,,,,,,,,,,,,,,,,,,,,,,,,,,,,,,,,,,,,,,,,,,2063,,,,,,,,,,,,,,,,,,,,,,,,,,,,,,,,,,
,4,,,,,,,,,,,,,,,,,,,,,,,,,,,,550,1,0,0,,,,,"IceGolem Freeze deploy lvl4_DEF",,"IceGolem Freeze deploy2 lvl4_DEF",,,,2750,,,,,,,,,,,,,,,,,,,,,,,,,,,,,,,,,,,,,,,,,,,2269,,,,,,,,,,,,,,,,,,,,,,,,,,,,,,,,,,
,5,,,,,,,,,,,,,,,,,,,,,,,,,,,,550,1,0,0,,,,,"IceGolem Freeze deploy lvl5_DEF",,"IceGolem Freeze deploy2 lvl5_DEF",,,,3000,,,,,,,,,,,,,,,,,,,,,,,,,,,,,,,,,,,,,,,,,,,2475,,,,,,,,,,,,,,,,,,,,,,,,,,,,,,,,,,
,6,,,,,,,,,,,,,,,,,,,,,,,,,,,,550,1,0,0,,,,,"IceGolem Freeze deploy lvl6_DEF",,"IceGolem Freeze deploy2 lvl6_DEF",,,,3250,,,,,,,,,,,,,,,,,,,,,,,,,,,,,,,,,,,,,,,,,,,2681,,,,,,,,,,,,,,,,,,,,,,,,,,,,,,,,,,
"IceBreakerSplinters",1,,,"TRUE",,,,,,0,0,0,,,,,,,,,,,300,,,,,,500,1,0,0,,,,,,,,,"Ice Breaker Hit lvl1","TRUE",,,,,,,,,,,,,,,,,,,,,,,,,,,,,,,,,,,,,,,,,,,,,90,,100,100,,,,,,,,,,,,,,,,,,"TRUE",,,,,,,,,,,,
,2,,,,,,,,,,,,,,,,,,,,,,360,,,,,,,,,,,,,,,,,,,,,,,,,,,,,,,,,,,,,,,,,,,,,,,,,,,,,,,,,,,,,,,,,,,120,,,,,,,,,,,,,,,,,,,,,,,,,,,,,,
,3,,,,,,,,,,,,,,,,,,,,,,420,,,,,,,,,,,,,,,,,,,,,,,,,,,,,,,,,,,,,,,,,,,,,,,,,,,,,,,,,,,,,,,,,,,140,,,,,,,,,,,,,,,,,,,,,,,,,,,,,,
,4,,,,,,,,,,,,,,,,,,,,,,450,,,,,,,,,,,,,,,,,,,,,,,,,,,,,,,,,,,,,,,,,,,,,,,,,,,,,,,,,,,,,,,,,,,150,,,,,,,,,,,,,,,,,,,,,,,,,,,,,,
"BatRage",1,,,"TRUE",,,,,,,0,0,,,,4000,60,60,,,200,,,,,,,,,1,,0,,,,,,,,,,,,,,,,,,,,,,,,,,,,,,,,,,,,,,,,,,,,,,,,,,,,,,,,,,,,,,,,,,,,,,,,,,,,,,,,,,,,,,,,
"TH13Freeze",1,,,"TRUE",,,,,,0,0,400,,,,,,,,,,,,,,,,,500,1,500,0,,,,,,,,,,"TRUE",0,,,,,,,,,,,,,,,,,,,,,,,,,,,,,,,,,,,,,,,,,,,0,,50,,,,,,,,,,,,,,,,,,,,"TRUE",,,,,,,,,,,,
,2,,,,,,,,,,,,,,,,,,,,,,,,,,,,,,,,,,,,,,,,,,0,,,,,,,,,,,,,,,,,,,,,,,,,,,,,,,,,,,,,,,,,,,0,,,,,,,,,,,,,,,,,,,,,,,,,,,,,,,,,,
,3,,,,,,,,,,,,,,,,,,,,,,,,,,,,,,,,,,,,"Slowdown deploy lvl1",,"Slowdown deploy2 lvl1",,,,4000,,,,,,,,,,,,,,,,,,,,,,,,,,,,,,,,,,,,,,,,,,,4000,,,,,,,,,,,,,,,,,,,,,,,,,,,,,,,,,,
,4,,,,,,,,,,,,,,,,,,,,,,,,,,,,,,,,,,,,"Slowdown deploy lvl1",,"Slowdown deploy2 lvl1",,,,6000,,,,,,,,,,,,,,,,,,,,,,,,,,,,,,,,,,,,,,,,,,,6000,,,,,,,,,,,,,,,,,,,,,,,,,,,,,,,,,,
,5,,,,,,,,,,,,,,,,,,,,,,,,,,,,,,,,,,,,"Slowdown deploy lvl1",,"Slowdown deploy2 lvl1",,,,8000,,,,,,,,,,,,,,,,,,,,,,,,,,,,,,,,,,,,,,,,,,,8000,,,,,,,,,,,,,,,,,,,,,,,,,,,,,,,,,,
"ElectroTitanDamageAura",1,,,"TRUE",,,,,,,,400,,,,,,,,,,,30,,,,,,350,4000,0,400,,,,,"E_titanAreaDamage",,,,,,,,,0,,"TID_INFO_TARGET_TYPE_GROUND_AND_AIR",,,25,,,,,,,,,,,"TRUE",,,,,,,,,,,,,,,,,,,,,,,,,,,,,,,,,,,,,,,,,,,,,,"TRUE",,,,,,"TRUE",,,,,,
,2,,,,,,,,,,,,,,,,,,,,,,40,,,,,,,,,,,,,,"E_titanAreaDamage",,,,,,,,,,,,,,,,,,,,,,,,,,,,,,,,,,,,,,,,,,,,,,,,,,,,,,,,,,,,,,,,,,,,,,,,,,,,,,,,,,,
,3,,,,,,,,,,,,,,,,,,,,,,50,,,,,,,,,,,,,,"E_titanAreaDamage",,,,,,,,,,,,,,,,,,,,,,,,,,,,,,,,,,,,,,,,,,,,,,,,,,,,,,,,,,,,,,,,,,,,,,,,,,,,,,,,,,,
"EliteValkyrieRage",1,,,"TRUE",,,,,,800,300,400,,,,1000,26,13,,,160,,,,,,,,400,60,400,300,,,,"Rage predeploy","Elite Valkyrie Rage deploy",,,,,"TRUE",,,,,,,,,,,,,,,,,,,,,,,,"Elite Valkyrie Rage deploy enemy",,,,,,,,,,,,,,,,,,,,,,,,,,,,,,,,,,,,,,,,,,,,,,,,,,,,,,
"Invisibility",1,"TID_INVISIBILITY_SPELL","TID_INVISIBILITY_SPELL_INFO",,6,1,5,1,180,800,300,400,132,"Elixir",5600000,,,,,,,,,,,,,,400,15,200,250,"sc/ui.sc","icon_spell_invisibility","icon_spell_invisibility","Invisibility_Predeploy","Invisibility area lvl1",,,,,"TRUE",,,,210,"Spell Forge","TID_INFO_TARGET_TYPE_GROUND_AND_AIR",,,,,,,,,,,,,,,,,,,,,,,,,,,,,,,,,,,,,600,,,,,,,,,,,,,,,,,,,,,,,,,"TRUE",,,,"TRUE",,,,,,"SpellInvisibility"
,2,,,,,9,,,,,,,144,,7500000,,,,,,,,,,,,,,,16,,,,,,,"Invisibility area lvl2",,,,,,,,,215,,,,,,,,,,,,,,,,,,,,,,,,,,,,,,,,,,,,,,,,,,,,,,,,,,,,,,,,,,,,,,,,,,,,,,,,,,
,3,,,,,10,,,,,,,228,,9000000,,,,,,,,,,,,,,,17,,,,,,,"Invisibility area lvl3",,,,,,,,,220,,,,,,,,,,,,,,,,,,,,,,,,,,,,,,,,,,,,,,,,,,,,,,,,,,,,,,,,,,,,,,,,,,,,,,,,,,
,4,,,,,11,,,,,,,,,,,,,,,,,,,,,,,,18,,,,,,,"Invisibility area lvl4",,,,,,,,,225,,,,,,,,,,,,,,,,,,,,,,,,,,,,,,,,,,,,,,,,,,,,,,,,,,,,,,,,,,,,,,,,,,,,,,,,,,
"IceHoundFreeze",1,,,"TRUE",,,,,,0,300,400,,,,,,,,,,,,,,,,,650,1,0,0,,,,,"IceHound Freeze Deploy1 lvl1",,"IceHound Freeze Deploy2",,,"TRUE",3500,,,,,,,,,,,,,,,,,,,,,,,,,,,,,,,,,,,,,,,,,,,3019,,,,,,,,,,,,,,,,,,,,,,"TRUE",,,,,,,,,,,,
,2,,,,,,,,,,,,,,,,,,,,,,,,,,,,650,1,0,0,,,,,"IceHound Freeze Deploy1 lvl2",,"IceHound Freeze Deploy2",,,,4250,,,,,,,,,,,,,,,,,,,,,,,,,,,,,,,,,,,,,,,,,,,3666,,,,,,,,,,,,,,,,,,,,,,,,,,,,,,,,,,
"TH14Poison",1,,,"TRUE",,,,,,0,0,400,,,,500,-30,-30,,,,,,,,,,,400,30,0,400,,,,,"Toxic deploy ground TH",,"Toxic deploy TH",,,"TRUE",,,,,,,,,100,,,,,,100,"FALSE",-30,"TRUE","TRUE",,,,,,,,,,,,,,,,,,,,,,,,,,,,,,,,,,,,,,,,,,,,,,,"TRUE","TRUE",,,"TRUE","TRUE","TRUE","TRUE",,,,,
,2,,,,,,,,,,,,,,,500,-35,-35,,,,,,,,,,,,,,,,,,,"Toxic deploy ground TH",,"Toxic deploy TH",,,,,,,,,,,,,,,,,,120,,-35,,,,,,,,,,,,,,,,,,,,,,,,,,,,,,,,,,,,,,,,,,,,,,,,,,,,,,,,,,,,,
,3,,,,,,,,,,,,,,,500,-40,-40,,,,,,,,,,,,,,,,,,,"Toxic deploy ground TH",,"Toxic deploy TH",,,,,,,,,,,,,,,,,,140,,-40,,,,,,,,,,,,,,,,,,,,,,,,,,,,,,,,,,,,,,,,,,,,,,,,,,,,,,,,,,,,,
,4,,,,,,,,,,,,,,,500,-45,-45,,,,,,,,,,,,,,,,,,,"Toxic deploy ground TH",,"Toxic deploy TH",,,,,,,,,,,,,,,,,,160,,-45,,,,,,,,,,,,,,,,,,,,,,,,,,,,,,,,,,,,,,,,,,,,,,,,,,,,,,,,,,,,,
,5,,,,,,,,,,,,,,,500,-50,-50,,,,,,,,,,,,,,,,,,,"Toxic deploy ground TH",,"Toxic deploy TH",,,,,,,,,,,,,,,,,,180,,-50,,,,,,,,,,,,,,,,,,,,,,,,,,,,,,,,,,,,,,,,,,,,,,,,,,,,,,,,,,,,,
"FireSpiritExplosion",1,,,"TRUE",,,,,,0,300,500,,,,500,0,0,,,,,1,,,,,,250,75,0,400,,,,,"Catapult Ground Effects",,"Multi Mortar Area Effects",,,"TRUE",,,,0,,,"Wall",25,,,,,,,80,"TRUE",,"FALSE","FALSE",,,,,,,,,,,,,,,,,,,,,,,,,,,,,,,,,,,,,,,,,,,,,,,,"TRUE",,,,,,,,,,,
,2,,,,,,,,,,,,,,,,,,,,,,1,,,,,,,,,,,,,,"Catapult Ground Effects",,"Multi Mortar Area Effects",,,,,,,,,,,,,,,,,,95,,,,,,,,,,,,,,,,,,,,,,,,,,,,,,,,,,,,,,,,,,,,,,,,,,,,,,,,,,,,,,,
,3,,,,,,,,,,,,,,,,,,,,,,1,,,,,,,,,,,,,,"Catapult Ground Effects",,"Multi Mortar Area Effects",,,,,,,,,,,,,,,,,,105,,,,,,,,,,,,,,,,,,,,,,,,,,,,,,,,,,,,,,,,,,,,,,,,,,,,,,,,,,,,,,,
,4,,,,,,,,,,,,,,,,,,,,,,1,,,,,,,,,,,,,,"Catapult Ground Effects",,"Multi Mortar Area Effects",,,,,,,,,,,,,,,,,,120,,,,,,,,,,,,,,,,,,,,,,,,,,,,,,,,,,,,,,,,,,,,,,,,,,,,,,,,,,,,,,,
"PhoenixImmortality",1,,,"TRUE",,,,,,,,,,,,,,,,,,,,,,,,,0,1,,,,,,,,,,,,,,,,,,,,,,,,,,,,,,,,,6500,100,,,,,,,,,,,,,,,,,,,,,,,,,,,,,,,,,,,,,,,,,,,,,,,,,,,,,,,,
,2,,,,,,,,,,,,,,,,,,,,,,,,,,,,,,,,,,,,,,,,,,,,,,,,,,,,,,,,,,,,,,7500,100,,,,,,,,,,,,,,,,,,,,,,,,,,,,,,,,,,,,,,,,,,,,,,,,,,,,,,,,
,3,,,,,,,,,,,,,,,,,,,,,,,,,,,,,,,,,,,,,,,,,,,,,,,,,,,,,,,,,,,,,,8500,100,,,,,,,,,,,,,,,,,,,,,,,,,,,,,,,,,,,,,,,,,,,,,,,,,,,,,,,,
"TroopImmortality",1,,,"TRUE",,,,,,,,,,,,,,,,,,,,,,,,,0,1,,,,,,,,,,,,,,,,,,,,,,,,,,,,,,,,,6000,100,,,,,,,,,,,,,,,,,,,,,,,,,,,,,,,,,,,,,,,,,,,,,,,,,,,,,,,,
,2,,,,,,,,,,,,,,,,,,,,,,,,,,,,,,,,,,,,,,,,,,,,,,,,,,,,,,,,,,,,,,7000,100,,,,,,,,,,,,,,,,,,,,,,,,,,,,,,,,,,,,,,,,,,,,,,,,,,,,,,,,
,3,,,,,,,,,,,,,,,,,,,,,,,,,,,,,,,,,,,,,,,,,,,,,,,,,,,,,,,,,,,,,,8000,100,,,,,,,,,,,,,,,,,,,,,,,,,,,,,,,,,,,,,,,,,,,,,,,,,,,,,,,,
"AreaStun",1,,,"TRUE",,,,,,,,,,,,,,,,,,,,,,,,,200,1,,,,,,,"Bomber Big Hit",,,,,,,,,,,,,,,,,,,,,,,,,,,,,,,,,,,,,,,,,,,,,,,,,,,,,,5000,,,,,,,,,,,,,,,,,,,"TRUE","TRUE",,"TRUE","TRUE",,,,,,
"DrillerSurfacing",1,,,"TRUE",,,,,,,,,,,,,,,,,,,,,,,,,150,1,,,,,,,"Bomber Big Hit",,,,,,,,,,,,,,,,,,,,,,,,,,,,,,,,,,,,,,,,,,,,,,,,,,,,,,2000,,,,,,,,,,,,,,,,,,,"TRUE","TRUE",,"TRUE","TRUE",,,,"TRUE",,
"TH15Poison",1,,,"TRUE",,,,,,0,0,400,,,,500,-50,-50,,,,,,,,,,,400,30,0,400,,,,,"Toxic deploy ground TH",,"Toxic deploy TH",,,"TRUE",,,,,,,,,100,,,,,,180,"FALSE",-50,"TRUE","TRUE",,,,,,,,,,,,,,,,,,,,,,,,,,,,,,,,,,,,,,,,,,,,,,,"TRUE","TRUE",,,"TRUE","TRUE","TRUE","TRUE",,,,,
,2,,,,,,,,,,,,,,,500,-50,-50,,,,,,,,,,,,,,,,,,,"Toxic deploy ground TH",,"Toxic deploy TH",,,,,,,,,,,,,,,,,,180,,-50,,,,,,,,,,,,,,,,,,,,,,,,,,,,,,,,,,,,,,,,,,,,,,,,,,,,,,,,,,,,,
,3,,,,,,,,,,,,,,,500,-50,-50,,,,,,,,,,,,,,,,,,,"Toxic deploy ground TH",,"Toxic deploy TH",,,,,,,,,,,,,,,,,,180,,-50,,,,,,,,,,,,,,,,,,,,,,,,,,,,,,,,,,,,,,,,,,,,,,,,,,,,,,,,,,,,,
,4,,,,,,,,,,,,,,,500,-50,-50,,,,,,,,,,,,,,,,,,,"Toxic deploy ground TH",,"Toxic deploy TH",,,,,,,,,,,,,,,,,,180,,-50,,,,,,,,,,,,,,,,,,,,,,,,,,,,,,,,,,,,,,,,,,,,,,,,,,,,,,,,,,,,,
,5,,,,,,,,,,,,,,,500,-50,-50,,,,,,,,,,,,,,,,,,,"Toxic deploy ground TH",,"Toxic deploy TH",,,,,,,,,,,,,,,,,,180,,-50,,,,,,,,,,,,,,,,,,,,,,,,,,,,,,,,,,,,,,,,,,,,,,,,,,,,,,,,,,,,,
"PoisonST",1,"TID_POISON_CLOUD_TOWER","TID_POISON_CLOUD_INFO","TRUE",1,1,5,1,180,0,0,0,8,"DarkElixir",12000,500,-35,-35,,,,,,,,,,,500,30,0,400,"sc/ui.sc","icon_spell_toxic","icon_spell_toxic",,"Toxic deploy ground halloween ST",,"Toxic deploy halloween ST",,,"TRUE",,,,-160,"Mini Spell Factory","TID_INFO_TARGET_TYPE_GROUND_AND_AIR",,,20,,,,,,60,"FALSE",-25,"TRUE","TRUE",,,,,,,,,,,,,,,,,,,,,,,,,,,,,,,,,,,,,,,,,,,,,,,,"TRUE",,,"TRUE","TRUE","TRUE","TRUE",,,,,
"SuperHogRiderSummonHog",1,,,"TRUE",,,,,,0,0,0,,,,,,,,,,,0,,,,,,0,1,0,0,,,,,"SuperBoar Deploy",,,,,"TRUE",,,,,,"TID_PREFERRED_TARGET_ANY",,,,,,,,,,,,,,,,,,,,,,"Riderless Hog",1,1,,,,,,,,,,,,,,,,,,,,,,,,,,,,,,,,,,,,,,,,,,,,,,,,
,2,,,,,,,,,,,,,,,,,,,,,,,,,,,,,,,,,,,,,,,,,,,,,,,,,,,,,,,,,,,,,,,,,,,,,,,2,,,,,,,,,,,,,,,,,,,,,,,,,,,,,,,,,,,,,,,,,,,,,,,,
,3,,,,,,,,,,,,,,,,,,,,,,,,,,,,,,,,,,,,,,,,,,,,,,,,,,,,,,,,,,,,,,,,,,,,,,,3,,,,,,,,,,,,,,,,,,,,,,,,,,,,,,,,,,,,,,,,,,,,,,,,
"RageST",1,"TID_HASTE_TOWER","TID_HASTE_INFO","TRUE",1,1,10,2,360,0,300,400,12,"Elixir",400000,1000,30,15,,,60,60,,,,,,,500,60,400,300,"sc/ui.sc","icon_spell_rage","icon_spell_rage",,"Rage deploy ST",,"Rage deploy top",,,"TRUE",,,,100,"Spell Forge","TID_INFO_TARGET_TYPE_GROUND_AND_AIR",,,,,,,,,,,,,,,,,,,,,,,,,,,,,,,,,,,,,,,,,,,,,,,,,,,,,,,,,,,,,,,,,,,,,,,,
"SuperHogRiderSummonRider",1,,,"TRUE",,,,,,0,0,0,,,,,,,,,,,0,,,,,,0,1,0,0,,,,,,,,,,"TRUE",,,,,,"TID_PREFERRED_TARGET_ANY",,,,,,,,,,,,,,,,,,,,,,"Hogless Rider",1,1,,,,,,,,,,,,,,,,,,,,,,,,,,,,,,,,,,,,,,,,,,,,,,,,
,2,,,,,,,,,,,,,,,,,,,,,,,,,,,,,,,,,,,,,,,,,,,,,,,,,,,,,,,,,,,,,,,,,,,,,,,2,,,,,,,,,,,,,,,,,,,,,,,,,,,,,,,,,,,,,,,,,,,,,,,,
,3,,,,,,,,,,,,,,,,,,,,,,,,,,,,,,,,,,,,,,,,,,,,,,,,,,,,,,,,,,,,,,,,,,,,,,,3,,,,,,,,,,,,,,,,,,,,,,,,,,,,,,,,,,,,,,,,,,,,,,,,
"InvisibilityST",1,"TID_INVISIBILITY_SPELL_TOWER","TID_INVISIBILITY_SPELL_INFO","TRUE",1,1,5,1,180,0,300,400,192,"Elixir",8000000,0,0,0,,,,,0,,,,,,450,18,200,250,"sc/ui.sc","icon_spell_invisibility","icon_spell_invisibility",,"Invisibility ST",,,,,"TRUE",,,,225,"Spell Forge","TID_INFO_TARGET_TYPE_GROUND_AND_AIR",,,,,,,,,,,,,,,,,,,,,,,,,,,,,,,,,,,,,600,,,,,,,,,,,,,,,,,,,,,,,,,"TRUE",,,,"TRUE",,,,,,
"GraveGolemSummonBigBoy",1,,,"TRUE",,,,,,0,0,0,,,,,,,,,,,0,,,,,,200,1,150,300,,,,,"Warlock Summon",,,,,,,,,,,"TID_PREFERRED_TARGET_ANY",,,,,,,,,,,,,,,,,,,,,,"Witch Golem Big Boy",1,1,,,600,0,,,,,,,,,,,,,,,,,,,,,,,,,,,,,,,,,,,,,,,,,,,,
,2,,,,,,,,,,,,,,,,,,,,,,,,,,,,,,,,,,,,,,,,,,,,,,,,,,,,,,,,,,,,,,,,,,,,,,1,2,,,,,,,,,,,,,,,,,,,,,,,,,,,,,,,,,,,,,,,,,,,,,,,,
,3,,,,,,,,,,,,,,,,,,,,,,,,,,,,,,,,,,,,,,,,,,,,,,,,,,,,,,,,,,,,,,,,,,,,,,2,3,,,,,,,,,,,,,,,,,,,,,,,,,,,,,,,,,,,,,,,,,,,,,,,,
,4,,,,,,,,,,,,,,,,,,,,,,,,,,,,,,,,,,,,,,,,,,,,,,,,,,,,,,,,,,,,,,,,,,,,,,2,4,,,,,,,,,,,,,,,,,,,,,,,,,,,,,,,,,,,,,,,,,,,,,,,,
,5,,,,,,,,,,,,,,,,,,,,,,,,,,,,,,,,,,,,,,,,,,,,,,,,,,,,,,,,,,,,,,,,,,,,,,2,5,,,,,,,,,,,,,,,,,,,,,,,,,,,,,,,,,,,,,,,,,,,,,,,,
,6,,,,,,,,,,,,,,,,,,,,,,,,,,,,,,,,,,,,,,,,,,,,,,,,,,,,,,,,,,,,,,,,,,,,,,2,6,,,,,,,,,,,,,,,,,,,,,,,,,,,,,,,,,,,,,,,,,,,,,,,,
,7,,,,,,,,,,,,,,,,,,,,,,,,,,,,,,,,,,,,,,,,,,,,,,,,,,,,,,,,,,,,,,,,,,,,,,3,7,,,,,,,,,,,,,,,,,,,,,,,,,,,,,,,,,,,,,,,,,,,,,,,,
,8,,,,,,,,,,,,,,,,,,,,,,,,,,,,,,,,,,,,,,,,,,,,,,,,,,,,,,,,,,,,,,,,,,,,,,3,8,,,,,,,,,,,,,,,,,,,,,,,,,,,,,,,,,,,,,,,,,,,,,,,,
,9,,,,,,,,,,,,,,,,,,,,,,,,,,,,,,,,,,,,,,,,,,,,,,,,,,,,,,,,,,,,,,,,,,,,,,3,9,,,,,,,,,,,,,,,,,,,,,,,,,,,,,,,,,,,,,,,,,,,,,,,,
,10,,,,,,,,,,,,,,,,,,,,,,,,,,,,,,,,,,,,,,,,,,,,,,,,,,,,,,,,,,,,,,,,,,,,,,3,10,,,,,,,,,,,,,,,,,,,,,,,,,,,,,,,,,,,,,,,,,,,,,,,,
"HogWizardDamageAura",1,,,"TRUE",,,,,,,,400,,,,,,,,,,,3,,,,,,120,4000,0,400,,,,,"HogWizardFlameEffect",,,,,,,,,0,,"TID_INFO_TARGET_TYPE_GROUND_AND_AIR",,,25,,,,,,,,,,,,,,,,,,,,,,,,,,,,,,,,,,,,,,,,,,,,,,,,,,,,,,,,,"TRUE",,,,,,"TRUE",,,,,,
"BagOfFrostmitesSpawn",1,,,"TRUE",,,,,,,,0,,,,,,,,,,,,,,,,,0,1,,,,,,,,,,,,,,,,,,,,,,,,,,,,,,,,,,,,,,,,"FrostmiteSpawner",1,1,,,0,1,,,,,,,,,,,,,,,,,,,,,,,,,,,,,,,,,,,,,,,,,,,,
,2,,,,,,,,,,,,,,,,,,,,,,,,,,,,,,,,,,,,,,,,,,,,,,,,,,,,,,,,,,,,,,,,,,,,,,,2,,,,,,,,,,,,,,,,,,,,,,,,,,,,,,,,,,,,,,,,,,,,,,,,
,3,,,,,,,,,,,,,,,,,,,,,,,,,,,,,,,,,,,,,,,,,,,,,,,,,,,,,,,,,,,,,,,,,,,,,,,3,,,,,,,,,,,,,,,,,,,,,,,,,,,,,,,,,,,,,,,,,,,,,,,,
,4,,,,,,,,,,,,,,,,,,,,,,,,,,,,,,,,,,,,,,,,,,,,,,,,,,,,,,,,,,,,,,,,,,,,,,,4,,,,,,,,,,,,,,,,,,,,,,,,,,,,,,,,,,,,,,,,,,,,,,,,
,5,,,,,,,,,,,,,,,,,,,,,,,,,,,,,,,,,,,,,,,,,,,,,,,,,,,,,,,,,,,,,,,,,,,,,,,5,,,,,,,,,,,,,,,,,,,,,,,,,,,,,,,,,,,,,,,,,,,,,,,,
,6,,,,,,,,,,,,,,,,,,,,,,,,,,,,,,,,,,,,,,,,,,,,,,,,,,,,,,,,,,,,,,,,,,,,,,,6,,,,,,,,,,,,,,,,,,,,,,,,,,,,,,,,,,,,,,,,,,,,,,,,
,7,,,,,,,,,,,,,,,,,,,,,,,,,,,,,,,,,,,,,,,,,,,,,,,,,,,,,,,,,,,,,,,,,,,,,,,7,,,,,,,,,,,,,,,,,,,,,,,,,,,,,,,,,,,,,,,,,,,,,,,,
,8,,,,,,,,,,,,,,,,,,,,,,,,,,,,,,,,,,,,,,,,,,,,,,,,,,,,,,,,,,,,,,,,,,,,,,,8,,,,,,,,,,,,,,,,,,,,,,,,,,,,,,,,,,,,,,,,,,,,,,,,
,9,,,,,,,,,,,,,,,,,,,,,,,,,,,,,,,,,,,,,,,,,,,,,,,,,,,,,,,,,,,,,,,,,,,,,,,9,,,,,,,,,,,,,,,,,,,,,,,,,,,,,,,,,,,,,,,,,,,,,,,,
,10,,,,,,,,,,,,,,,,,,,,,,,,,,,,,,,,,,,,,,,,,,,,,,,,,,,,,,,,,,,,,,,,,,,,,,,10,,,,,,,,,,,,,,,,,,,,,,,,,,,,,,,,,,,,,,,,,,,,,,,,
,11,,,,,,,,,,,,,,,,,,,,,,,,,,,,,,,,,,,,,,,,,,,,,,,,,,,,,,,,,,,,,,,,,,,,,,,11,,,,,,,,,,,,,,,,,,,,,,,,,,,,,,,,,,,,,,,,,,,,,,,,
"COOKIEAura",1,,,"TRUE",,,,,,,,400,,,,,,,,,,,3,,,,,,120,4000,0,400,,,,,,,,,,,,,,0,,"TID_INFO_TARGET_TYPE_GROUND_AND_AIR",,,25,,,,,,,,,,,,,,,,,,,,,,,,,,,,,,,,,,,,,,,,,,,,,,,,,,,,,,,,,"TRUE",,,,,,"TRUE",,,,,,
"Recall",1,"TID_SPELL_RECALL","TID_SPELL_RECALL_INFO",,7,1,10,2,360,800,0,100,228,"Elixir",7500000,0,0,0,,,,,0,,,,,,500,1,200,100,"sc/ui.sc","icon_spell_recall","icon_spell_recall","Recall_Predeploy","RecallDeployAuraGround",,"RecallDeployAuraTop",,,"TRUE",,,,120,"Spell Forge","TID_INFO_TARGET_TYPE_GROUND_AND_AIR",,,,,,,,,,,,,,,,,,,,,,,,,,,,,,,,,,,,,,,,,,,,,,,,,,,,,,,,,,,,,,,,,,,,,,,83,"SpellRecall"
,2,,,,,11,,,,,,,276,,14000000,,,,,,,,,,,,,,,,,,,,,,,,,,,,,,,130,,,,,,,,,,,,,,,,,,,,,,,,,,,,,,,,,,,,,,,,,,,,,,,,,,,,,,,,,,,,,,,,,,,,,,,,,89,
,3,,,,,12,,,,,,,318,,17500000,,,,,,,,,,,,,,,,,,,,,,,,,,,,,,,140,,,,,,,,,,,,,,,,,,,,,,,,,,,,,,,,,,,,,,,,,,,,,,,,,,,,,,,,,,,,,,,,,,,,,,,,,95,
,4,,,,,13,,,,,,,360,,19500000,,,,,,,,,,,,,,,,,,,,,,,,,,,,,,,145,,,,,,,,,,,,,,,,,,,,,,,,,,,,,,,,,,,,,,,,,,,,,,,,,,,,,,,,,,,,,,,,,,,,,,,,,101,
,5,,,,,14,,,,,,,,,,,,,,,,,,,,,,,,,,,,,,,,,,,,,,,,150,,,,,,,,,,,,,,,,,,,,,,,,,,,,,,,,,,,,,,,,,,,,,,,,,,,,,,,,,,,,,,,,,,,,,,,,,107,
"GrandWardenRangeRing",1,,,"TRUE",,,,,,0,0,300,,,,,,,,,,,0,,,,,,900,4000,200,1000,,,,,"GWRangeRing",,,,,"TRUE",,,,,,"TID_INFO_TARGET_TYPE_GROUND_AND_AIR",,,,,,,,,,,,,,,,,,"EmptyEffect",,,,,,,,,,,,,,,,,,,,,,,,,,,,,,,,,,,,,,,,,,,,,,,,,,,,,,
"PoisonLizardAttack",1,,,"TRUE",,,,,,,,,,,,500,-26,-26,,,,,,,,,,,400,40,0,400,,,,,,,,,,,,,,,,,,,,,,,,,80,"FALSE",-35,"TRUE","TRUE",,,,,,,,,,,,,,,,,,,,,,,,,,,,,,,,,,,,,,,,,,,,,,,,"TRUE",,,"TRUE","TRUE","TRUE","TRUE",,,,,
,2,,,,,,,,,,,,,,,500,-34,-34,,,,,,,,,,,,,,,,,,,,,,,,,,,,,,,,,,,,,,,100,,-45,,,,,,,,,,,,,,,,,,,,,,,,,,,,,,,,,,,,,,,,,,,,,,,,,,,,,,,,,,,,,
,3,,,,,,,,,,,,,,,500,-38,-38,,,,,,,,,,,,,,,,,,,,,,,,,,,,,,,,,,,,,,,120,,-50,,,,,,,,,,,,,,,,,,,,,,,,,,,,,,,,,,,,,,,,,,,,,,,,,,,,,,,,,,,,,
"RamRiderDestroyWalls",1,"TID_RAM_RIDER_ABILITY_TITLE","TID_RAM_RIDER_ABILITY_INFO","TRUE",,,,,,,0,300,,,,0,0,0,,,,,0,,,,,,100,4000,0,100,,,,,,,,,,"TRUE",,,,0,,,,,,,,,,,,,,,,,,,,,,,,,,,,,,,,,,,,,,,,,,,,,,,,,,,,,,,,,,,,,,,,,,,,,,,,"TRUE",,
"Unused10",1,"TID_FREEZE_SPELL","TID_FREEZE_SPELL_INFO","TRUE",4,8,,1,180,0,0,0,72,"Elixir",0,0,0,0,,,,,390,,,,,,500,1,0,0,"sc/ui.sc","icon_spell_freeze","icon_spell_freeze",,,,,,"Ice Breaker Hit lvl1","TRUE",,,,1000,"Spell Forge","TID_INFO_TARGET_TYPE_GROUND_AND_AIR",,,,,,,,,,,,,,,,,,,,,,,,,,,,,,,,,,,,,,,90,,100,130,,,,,,,,,,,,,,,,,,"TRUE",,,,,,,,,,,,
"Unused11",1,"TID_FREEZE_SPELL","TID_FREEZE_SPELL_INFO","TRUE",4,8,,1,180,0,0,0,72,"Elixir",0,0,0,0,,,,,390,,,,,,500,1,0,0,"sc/ui.sc","icon_spell_freeze","icon_spell_freeze",,,,,,"Ice Breaker Hit lvl1","TRUE",,,,1000,"Spell Forge","TID_INFO_TARGET_TYPE_GROUND_AND_AIR",,,,,,,,,,,,,,,,,,,,,,,,,,,,,,,,,,,,,,,90,,100,130,,,,,,,,,,,,,,,,,,"TRUE",,,,,,,,,,,,
"Baby Dragon Flaming Sneeze",1,,,"TRUE",,,,,,,0,0,,,,0,0,0,,,,,100,,,,,,750,1,0,0,,,,,,,,,,"TRUE",,,,,,,,,,,,,,,,,,,,,,,,,,,,,,,,,,,,"TRUE",,,1,,,,,,90,,,80,,,,,,,,,,,,,,,,,,"TRUE",,,,,,,,,,,,
,2,,,,,,,,,,,,,,,,,,,,,,160,,,,,,,,,,,,,,,,,,,,,,,,,,,,,,,,,,,,,,,,,,,,,,,,,,,,,,,,,,,,,,,,,,,128,,,,,,,,,,,,,,,,,,,,,,,,,,,,,,
,3,,,,,,,,,,,,,,,,,,,,,,275,,,,,,,,,,,,,,,,,,,,,,,,,,,,,,,,,,,,,,,,,,,,,,,,,,,,,,,,,,,,,,,,,,,220,,,,,,,,,,,,,,,,,,,,,,,,,,,,,,
,4,,,,,,,,,,,,,,,,,,,,,,400,,,,,,,,,,,,,,,,,,,,,,,,,,,,,,,,,,,,,,,,,,,,,,,,,,,,,,,,,,,,,,,,,,,320,,,,,,,,,,,,,,,,,,,,,,,,,,,,,,
,5,,,,,,,,,,,,,,,,,,,,,,550,,,,,,,,,,,,,,,,,,,,,,,,,,,,,,,,,,,,,,,,,,,,,,,,,,,,,,,,,,,,,,,,,,,440,,,,,,,,,,,,,,,,,,,,,,,,,,,,,,
"Power PEKKA Overcharge",1,,,"TRUE",,,,,,0,0,0,,,,,,,,,,,920,,,,,,250,1,0,400,,,,,"Pekka_Shockwave_Stomp",,,,,"TRUE",100,,,,,"TID_PREFERRED_TARGET_ANY",,,,,,,,,,,,,,,,,,,,,,,,,,,,,,,,,1,,,,,100,,,,,,,,,,,,,,,,,,,,,,,,,,,,,,,,,,
,2,,,,,,,,,,,,,,,,,,,,,,1060,,,,,,,,,,,,,,,,,,,,,,,,,,,,,,,,,,,,,,,,,,,,,,,,,,,,,,,,,,,,,,,,,,,,,,,,,,,,,,,,,,,,,,,,,,,,,,,,,
,3,,,,,,,,,,,,,,,,,,,,,,1200,,,,,,,,,,,,,,,,,,,,,,,,,,,,,,,,,,,,,,,,,,,,,,,,,,,,,,,,,,,,,,,,,,,,,,,,,,,,,,,,,,,,,,,,,,,,,,,,,
,4,,,,,,,,,,,,,,,,,,,,,,1350,,,,,,,,,,,,,,,,,,,,,,,,,,,,,,,,,,,,,,,,,,,,,,,,,,,,,,,,,,,,,,,,,,,,,,,,,,,,,,,,,,,,,,,,,,,,,,,,,
,5,,,,,,,,,,,,,,,,,,,,,,1500,,,,,,,,,,,,,,,,,,,,,,,,,,,,,,,,,,,,,,,,,,,,,,,,,,,,,,,,,,,,,,,,,,,,,,,,,,,,,,,,,,,,,,,,,,,,,,,,,
"Drop Ship Skeleton Bomb",1,,,"TRUE",,,,,,850,0,0,,,,,,,,,,,600,,,,,,300,1,0,100,,,,"Skeleton_Dropship_Bomb_Barrel_Predeploy",,,,,"Skeleton Dropship Bomb Hit","TRUE",,,,,,"TID_PREFERRED_TARGET_ANY",,,,,,,,,,,,,,,,,,,,,,"Balloon Skeleton",5,,,,,,,,,,1,,,,,,,,,,,,,,,,,,,,,,,,,,,,,,,,,,,,,"TRUE",,
,2,,,,,,,,,,,,,,,,,,,,,,700,,,,,,,,,,,,,,,,,,,,,,,,,,,,,,,,,,,,,,,,,,,,,,,,6,,,,,,,,,,,,,,,,,,,,,,,,,,,,,,,,,,,,,,,,,,,,,,,,,
,3,,,,,,,,,,,,,,,,,,,,,,800,,,,,,,,,,,,,,,,,,,,,,,,,,,,,,,,,,,,,,,,,,,,,,,,7,,,,,,,,,,,,,,,,,,,,,,,,,,,,,,,,,,,,,,,,,,,,,,,,,
,4,,,,,,,,,,,,,,,,,,,,,,900,,,,,,,,,,,,,,,,,,,,,,,,,,,,,,,,,,,,,,,,,,,,,,,,8,,,,,,,,,,,,,,,,,,,,,,,,,,,,,,,,,,,,,,,,,,,,,,,,,
"Night Witch Bat Swarm",1,,,"TRUE",,,,,,0,0,0,,,,,,,,,,,0,,,,,,250,1,0,64,,,,,,,,,,"TRUE",,,,,,"TID_PREFERRED_TARGET_ANY",,,,,,,,,,,,,,,,,,,,,,"Bat Enraged",6,,,,420,,,,,,1,,,,,,,,,,,,,,,,,,,,,,,,,,,,,,,,,,,,,,,
,2,,,,,,,,,,,,,,,,,,,,,,0,,,,,,,,,,,,,,,,,,,,,,,,,,,,,,,,,,,,,,,,,,,,,,,,7,,,,480,,,,,,,,,,,,,,,,,,,,,,,,,,,,,,,,,,,,,,,,,,,,,
,3,,,,,,,,,,,,,,,,,,,,,,0,,,,,,,,,,,,,,,,,,,,,,,,,,,,,,,,,,,,,,,,,,,,,,,,8,,,,540,,,,,,,,,,,,,,,,,,,,,,,,,,,,,,,,,,,,,,,,,,,,,
,4,,,,,,,,,,,,,,,,,,,,,,0,,,,,,,,,,,,,,,,,,,,,,,,,,,,,,,,,,,,,,,,,,,,,,,,9,,,,600,,,,,,,,,,,,,,,,,,,,,,,,,,,,,,,,,,,,,,,,,,,,,
,5,,,,,,,,,,,,,,,,,,,,,,0,,,,,,,,,,,,,,,,,,,,,,,,,,,,,,,,,,,,,,,,,,,,,,,,10,,,,660,,,,,,,,,,,,,,,,,,,,,,,,,,,,,,,,,,,,,,,,,,,,,
"Cannon Cart Mortar Mode Splash",1,,,"TRUE",,,,,,,,,,,,,,,,,,,150,,,,,,180,1,,,,,,,,,,,,,,,,,,,,,,,,,,,,,,,,,,,,,,,,,,,,,,,,,,,1,,,,,,,,,50,,,,,,,,,,,,,,,,,,,,,,,,,,,,,,
,2,,,,,,,,,,,,,,,,,,,,,,170,,,,,,,,,,,,,,,,,,,,,,,,,,,,,,,,,,,,,,,,,,,,,,,,,,,,,,,,,,,,,,,,,,,57,,,,,,,,,,,,,,,,,,,,,,,,,,,,,,
,3,,,,,,,,,,,,,,,,,,,,,,195,,,,,,,,,,,,,,,,,,,,,,,,,,,,,,,,,,,,,,,,,,,,,,,,,,,,,,,,,,,,,,,,,,,65,,,,,,,,,,,,,,,,,,,,,,,,,,,,,,
,4,,,,,,,,,,,,,,,,,,,,,,225,,,,,,,,,,,,,,,,,,,,,,,,,,,,,,,,,,,,,,,,,,,,,,,,,,,,,,,,,,,,,,,,,,,75,,,,,,,,,,,,,,,,,,,,,,,,,,,,,,
,5,,,,,,,,,,,,,,,,,,,,,,255,,,,,,,,,,,,,,,,,,,,,,,,,,,,,,,,,,,,,,,,,,,,,,,,,,,,,,,,,,,,,,,,,,,85,,,,,,,,,,,,,,,,,,,,,,,,,,,,,,
,6,,,,,,,,,,,,,,,,,,,,,,285,,,,,,,,,,,,,,,,,,,,,,,,,,,,,,,,,,,,,,,,,,,,,,,,,,,,,,,,,,,,,,,,,,,95,,,,,,,,,,,,,,,,,,,,,,,,,,,,,,
,7,,,,,,,,,,,,,,,,,,,,,,325,,,,,,,,,,,,,,,,,,,,,,,,,,,,,,,,,,,,,,,,,,,,,,,,,,,,,,,,,,,,,,,,,,,108,,,,,,,,,,,,,,,,,,,,,,,,,,,,,,
,8,,,,,,,,,,,,,,,,,,,,,,360,,,,,,,,,,,,,,,,,,,,,,,,,,,,,,,,,,,,,,,,,,,,,,,,,,,,,,,,,,,,,,,,,,,120,,,,,,,,,,,,,,,,,,,,,,,,,,,,,,
"Apprentice Growth",1,,,"TRUE",,,,,,0,0,300,,,,,,,,,,,0,,,,,,700,4000,200,300,,,,,"Apprentice Growth aura",,,,,"TRUE",,,,,,"TID_INFO_TARGET_TYPE_GROUND_AND_AIR",,,,,,240,,,,,,,,,,,,"Enemy Apprentice growth aura",,,,,,,,,,,,,,,,,,,,,,,,,,,,,,,,,,,,,,,,,,,,,,,,,,,,,,
,2,,,,,,,,,,,,,,,,,,,,,,,,,,,,,,,,,,,,,,,,,,,,,,,,,,,,,260,,,,,,,,,,,,,,,,,,,,,,,,,,,,,,,,,,,,,,,,,,,,,,,,,,,,,,,,,,,,,,,,,,
,3,,,,,,,,,,,,,,,,,,,,,,,,,,,,,,,,,,,,,,,,,,,,,,,,,,,,,280,,,,,,,,,,,,,,,,,,,,,,,,,,,,,,,,,,,,,,,,,,,,,,,,,,,,,,,,,,,,,,,,,,
,4,,,,,,,,,,,,,,,,,,,,,,,,,,,,,,,,,,,,,,,,,,,,,,,,,,,,,300,,,,,,,,,,,,,,,,,,,,,,,,,,,,,,,,,,,,,,,,,,,,,,,,,,,,,,,,,,,,,,,,,,
"PetJump",1,,,"TRUE",,,,,,0,0,400,,,,,,,100,400,,,,,,,,,350,33,400,300,,,,,"Jump deploy top pet",,,,,"TRUE",,,,,,"TID_INFO_TARGET_TYPE_GROUND",,,,,,,,,,,,,,,,,,,,,,,,,,,,,,,,,,,,,,,,,,,,,,,,,,,,,,,,,,,,,,,,,,,,,,,,
"PetSpeedUp",1,,,"TRUE",,,,,,0,0,400,,,,500,16,8,,,,,,,,,,,900,4000,200,300,,,,,"Growth aura",,,,,"TRUE",,,,,,"TID_INFO_TARGET_TYPE_GROUND_AND_AIR",,,,,,,,,,,10,,,"TRUE",,,,,,,,,,,,,,,,,,,,,,,,,,,,,,,,,,,,,,,,,,,,,,,,,,,,,,,,,,
"FireSpiritBurn",1,,,"TRUE",,,,,,0,0,500,,,,500,0,0,,,,,8,,,,,,80,25,0,400,,,,,"FireSpiritEmbers",,,,,"TRUE",,,,0,,,,,,,,,,,125,"FALSE",,"FALSE","FALSE",,,,,,,,,,,,,,,,,,,,,,,,,,,,,,,,,,,,,,,,,,,,,,,,"TRUE",,,,,"TRUE",,,,,,
"TreantWallDamageAura",1,,,"TRUE",,,,,,,,500,,,,,,,,,,,4000,,,,,,75,4000,0,400,,,,,,,,,,,,,,0,,"TID_INFO_TARGET_TYPE_GROUND_AND_AIR",,,25,,,,,,,,,,,"TRUE",,,,,,,,,,,,,,,,,,,,,,,,,,,,,,,,,,,,,,,,,,,,,,"TRUE",,"TRUE","TRUE","TRUE","TRUE",,"TRUE","TRUE",,,,
"SiegeInvisibility",1,,,"TRUE",,,,,,0,0,400,,,,,,,,,,,,,,,,,600,4000,0,300,,,,,"Invisibility area Siege",,,,,"TRUE",,,,,,"TID_INFO_TARGET_TYPE_GROUND_AND_AIR",,,,,,,,,,,,,,,,,,,,,,,,,,,,,,,,,,,,,600,,,,,,,,,,,,,,,,,,,,,,,,,"TRUE",,"TRUE","TRUE","TRUE","TRUE",,,,,
"Overgrowth",1,"TID_SPELL_OVERGROWTH","TID_SPELL_OVERGROWTH_INFO","TRUE",8,1,10,2,180,800,300,400,42,"Elixir",7500000,,,,,,,,,,,,,,700,1,400,0,"sc/ui.sc","icon_spell_overgrowth","icon_spell_freeze","Freeze predeploy","Freeze deploy lvl1",,"Freeze deploy2 lvl1",,,"TRUE",30000,,,50,"Spell Forge","TID_INFO_TARGET_TYPE_GROUND_AND_AIR",,,,,,,,,,,,,,,30000,100,,,,,,,,,,,,,,,,,,,,,30000,30000,,,,,,,,,,,,,,,,,,,,,,,"TRUE","TRUE","TRUE",,,"TRUE",,,,,,
"Unused12",1,"TID_SPELL_FROST","TID_SPELL_FROST_INFO","TRUE",5,1,10,1,180,800,300,400,42,"DarkElixir",26000,,,,,,,,5,,,,,,500,67,400,300,"sc/ui.sc","icon_spell_cc_frost","icon_spell_freeze","Capital Frost Predeploy","Blizzard",,,,,"TRUE",500,,,1000,"Mini Spell Factory","TID_INFO_TARGET_TYPE_GROUND_AND_AIR",,,,,,,,,,,,,,"TRUE",,,,,,,,,,,,,,,,,,,,,,,,500,,70,,,,,,,,,,,,,,,,,,,,"TRUE",,,,,"TRUE","TRUE",,,,,,
"Blizzard",1,"TID_SPELL_FROST","TID_SPELL_FROST_INFO","TRUE",5,1,10,1,180,800,300,400,42,"DarkElixir",26000,,,,,,,,5,,,,,,500,67,400,300,"sc/ui.sc","icon_spell_cc_frost","icon_spell_freeze","Capital Frost Predeploy","Blizzard",,,,,"TRUE",500,,,1000,"Mini Spell Factory","TID_INFO_TARGET_TYPE_GROUND_AND_AIR",,,,,,,,,,,,,,"TRUE",,,,,,,,,,,,,,,,,,,,,,,,500,,70,,,,,,,,,,,,,,,,,,,,"TRUE",,,,,"TRUE","TRUE",,,,,,
"BagOfFrostmites",1,"TID_SPELL_BAG_OF_FROSTMITES","TID_SPELL_BAG_OF_FROSTMITES_INFO",,1,1,10,1,180,300,0,300,,"Elixir",,0,0,0,,,,,0,,,,,,350,1,200,300,"sc/ui.sc","icon_spell_frostmitebag","icon_spell_frostmitebag","Frostmites Spell Predeploy","BagOfFrostmitesEffect",,,,,,1500,,,460,"Spell Forge","TID_PREFERRED_TARGET_ANY",,,,,,,,,,,,,,,,,,,,,,"BouncingFrostmite",10,1,,,5000,1,,,,"TRUE",,,6,,,1000,,,,,,,,,,,,,,,,,,,,,,,,,,,,,,,,,,"SpellFrostmites"
,2,,,,,,,,,,,,,,,,,,,,,,,,,,,,,,,,,,,,"BagOfFrostmitesEffect2",,,,,,1700,,,,,,,,,,,,,,,,,,,,,,,,,,,,11,2,,,6000,,,,,,,,7,,,1200,,,,,,,,,,,,,,,,,,,,,,,,,,,,,,,,,,
,3,,,,,,,,,,,,,,,,,,,,,,,,,,,,,,,,,,,,"BagOfFrostmitesEffect3",,,,,,1900,,,,,,,,,,,,,,,,,,,,,,,,,,,,12,3,,,7000,,,,,,,,8,,,1400,,,,,,,,,,,,,,,,,,,,,,,,,,,,,,,,,,
,4,,,,,,,,,,,,,,,,,,,,,,,,,,,,,,,,,,,,"BagOfFrostmitesEffect4",,,,,,2100,,,,,,,,,,,,,,,,,,,,,,,,,,,,13,4,,,8000,,,,,,,,9,,,1600,,,,,,,,,,,,,,,,,,,,,,,,,,,,,,,,,,
,5,,,,,,,,,,,,,,,,,,,,,,,,,,,,,,,,,,,,"BagOfFrostmitesEffect5",,,,,,2300,,,,,,,,,,,,,,,,,,,,,,,,,,,,14,5,,,9000,,,,,,,,10,,,1800,,,,,,,,,,,,,,,,,,,,,,,,,,,,,,,,,,
,6,,,,,,,,,,,,,,,,,,,,,,,,,,,,,,,,,,,,"BagOfFrostmitesEffect6",,,,,,2500,,,,,,,,,,,,,,,,,,,,,,,,,,,,15,6,,,10000,,,,,,,,11,,,2000,,,,,,,,,,,,,,,,,,,,,,,,,,,,,,,,,,
,7,,,,,,,,,,,,,,,,,,,,,,,,,,,,,,,,,,,,"BagOfFrostmitesEffect7",,,,,,2700,,,,,,,,,,,,,,,,,,,,,,,,,,,,16,7,,,11000,,,,,,,,12,,,2200,,,,,,,,,,,,,,,,,,,,,,,,,,,,,,,,,,
,8,,,,,,,,,,,,,,,,,,,,,,,,,,,,,,,,,,,,"BagOfFrostmitesEffect8",,,,,,2900,,,,,,,,,,,,,,,,,,,,,,,,,,,,17,8,,,12000,,,,,,,,13,,,2400,,,,,,,,,,,,,,,,,,,,,,,,,,,,,,,,,,
,9,,,,,,,,,,,,,,,,,,,,,,,,,,,,,,,,,,,,"BagOfFrostmitesEffect9",,,,,,3100,,,,,,,,,,,,,,,,,,,,,,,,,,,,18,9,,,13000,,,,,,,,14,,,2600,,,,,,,,,,,,,,,,,,,,,,,,,,,,,,,,,,
,10,,,,,,,,,,,,,,,,,,,,,,,,,,,,,,,,,,,,"BagOfFrostmitesEffect10",,,,,,3300,,,,,,,,,,,,,,,,,,,,,,,,,,,,19,10,,,14000,,,,,,,,15,,,2800,,,,,,,,,,,,,,,,,,,,,,,,,,,,,,,,,,
,11,,,,,,,,,,,,,,,,,,,,,,,,,,,,,,,,,,,,"BagOfFrostmitesEffect11",,,,,,3500,,,,,,,,,,,,,,,,,,,,,,,,,,,,20,11,,,15000,,,,,,,,16,,,3000,,,,,,,,,,,,,,,,,,,,,,,,,,,,,,,,,,
"TroopCatapultSummonTroop",1,,,"TRUE",,,,,,0,0,0,,,,,,,,,,,0,,,,,,0,1,0,0,,,,,"SuperBoar Deploy",,,,,"TRUE",,,,,,"TID_PREFERRED_TARGET_ANY",,,,,,,,,,,,,,,,,,,,,,,1,1,,,,,,,,,,,,,,,,,,,,,,,,,,,,,,,,,,,,,,,,,,,,,,,,
"LavaloonSpawnPup",1,,,"TRUE",,,,,,0,0,0,,,,,,,,,,,0,,,,,,0,1,0,0,,,,,,,,,"LavaloonAttackEffect","TRUE",,,,0,,,,,,,,,,,,,,,,,,,,,,,,"Lavaloon Pup",1,1,,,,,,,,,,,,,,,,,,,,,,,,,,,,,,,,,,,,,,,,,,,,,,,,
,2,,,,,,,,,,,,,,,,,,,,,,,,,,,,,,,,,,,,,,,,,,,,,,,,,,,,,,,,,,,,,,,,,,,,,,1,2,,,,,,,,,,,,,,,,,,,,,,,,,,,,,,,,,,,,,,,,,,,,,,,,
,3,,,,,,,,,,,,,,,,,,,,,,,,,,,,,,,,,,,,,,,,,,,,,,,,,,,,,,,,,,,,,,,,,,,,,,1,3,,,,,,,,,,,,,,,,,,,,,,,,,,,,,,,,,,,,,,,,,,,,,,,,
,4,,,,,,,,,,,,,,,,,,,,,,,,,,,,,,,,,,,,,,,,,,,,,,,,,,,,,,,,,,,,,,,,,,,,,,1,4,,,,,,,,,,,,,,,,,,,,,,,,,,,,,,,,,,,,,,,,,,,,,,,,
,5,,,,,,,,,,,,,,,,,,,,,,,,,,,,,,,,,,,,,,,,,,,,,,,,,,,,,,,,,,,,,,,,,,,,,,1,5,,,,,,,,,,,,,,,,,,,,,,,,,,,,,,,,,,,,,,,,,,,,,,,,
,6,,,,,,,,,,,,,,,,,,,,,,,,,,,,,,,,,,,,,,,,,,,,,,,,,,,,,,,,,,,,,,,,,,,,,,1,6,,,,,,,,,,,,,,,,,,,,,,,,,,,,,,,,,,,,,,,,,,,,,,,,
,7,,,,,,,,,,,,,,,,,,,,,,,,,,,,,,,,,,,,,,,,,,,,,,,,,,,,,,,,,,,,,,,,,,,,,,1,7,,,,,,,,,,,,,,,,,,,,,,,,,,,,,,,,,,,,,,,,,,,,,,,,
,8,,,,,,,,,,,,,,,,,,,,,,,,,,,,,,,,,,,,,,,,,,,,,,,,,,,,,,,,,,,,,,,,,,,,,,1,8,,,,,,,,,,,,,,,,,,,,,,,,,,,,,,,,,,,,,,,,,,,,,,,,
,9,,,,,,,,,,,,,,,,,,,,,,,,,,,,,,,,,,,,,,,,,,,,,,,,,,,,,,,,,,,,,,,,,,,,,,1,9,,,,,,,,,,,,,,,,,,,,,,,,,,,,,,,,,,,,,,,,,,,,,,,,
,10,,,,,,,,,,,,,,,,,,,,,,,,,,,,,,,,,,,,,,,,,,,,,,,,,,,,,,,,,,,,,,,,,,,,,,1,10,,,,,,,,,,,,,,,,,,,,,,,,,,,,,,,,,,,,,,,,,,,,,,,,
"Firecracker Explosion",1,,,"TRUE",,,,,,0,0,0,,,,,,,,,,,90,,,,,,500,1,0,0,,,,,,,,,"Ice Breaker Hit lvl1","TRUE",,,,,,,,,,,,,,,,,,,,,,,,,,,,,,,,,,,,,,,,,,,,,90,,,20,,,,,,,,,,,,,,,,,,"TRUE",,,,,,,,,,,,
,2,,,,,,,,,,,,,,,,,,,,,,117,,,,,,,,,,,,,,,,,,,,,,,,,,,,,,,,,,,,,,,,,,,,,,,,,,,,,,,,,,,,,,,,,,,26,,,,,,,,,,,,,,,,,,,,,,,,,,,,,,
,3,,,,,,,,,,,,,,,,,,,,,,144,,,,,,,,,,,,,,,,,,,,,,,,,,,,,,,,,,,,,,,,,,,,,,,,,,,,,,,,,,,,,,,,,,,32,,,,,,,,,,,,,,,,,,,,,,,,,,,,,,
,4,,,,,,,,,,,,,,,,,,,,,,171,,,,,,,,,,,,,,,,,,,,,,,,,,,,,,,,,,,,,,,,,,,,,,,,,,,,,,,,,,,,,,,,,,,38,,,,,,,,,,,,,,,,,,,,,,,,,,,,,,
,5,,,,,,,,,,,,,,,,,,,,,,198,,,,,,,,,,,,,,,,,,,,,,,,,,,,,,,,,,,,,,,,,,,,,,,,,,,,,,,,,,,,,,,,,,,44,,,,,,,,,,,,,,,,,,,,,,,,,,,,,,
,6,,,,,,,,,,,,,,,,,,,,,,225,,,,,,,,,,,,,,,,,,,,,,,,,,,,,,,,,,,,,,,,,,,,,,,,,,,,,,,,,,,,,,,,,,,50,,,,,,,,,,,,,,,,,,,,,,,,,,,,,,
,7,,,,,,,,,,,,,,,,,,,,,,252,,,,,,,,,,,,,,,,,,,,,,,,,,,,,,,,,,,,,,,,,,,,,,,,,,,,,,,,,,,,,,,,,,,56,,,,,,,,,,,,,,,,,,,,,,,,,,,,,,
,8,,,,,,,,,,,,,,,,,,,,,,279,,,,,,,,,,,,,,,,,,,,,,,,,,,,,,,,,,,,,,,,,,,,,,,,,,,,,,,,,,,,,,,,,,,62,,,,,,,,,,,,,,,,,,,,,,,,,,,,,,
,9,,,,,,,,,,,,,,,,,,,,,,306,,,,,,,,,,,,,,,,,,,,,,,,,,,,,,,,,,,,,,,,,,,,,,,,,,,,,,,,,,,,,,,,,,,68,,,,,,,,,,,,,,,,,,,,,,,,,,,,,,
,10,,,,,,,,,,,,,,,,,,,,,,333,,,,,,,,,,,,,,,,,,,,,,,,,,,,,,,,,,,,,,,,,,,,,,,,,,,,,,,,,,,,,,,,,,,74,,,,,,,,,,,,,,,,,,,,,,,,,,,,,,
,11,,,,,,,,,,,,,,,,,,,,,,360,,,,,,,,,,,,,,,,,,,,,,,,,,,,,,,,,,,,,,,,,,,,,,,,,,,,,,,,,,,,,,,,,,,80,,,,,,,,,,,,,,,,,,,,,,,,,,,,,,
"EarthquakeBoots",1,"TID_EARTHQUAKE","TID_EARTHQUAKE_INFO","TRUE",,,,,,0,300,400,,,,,,,,,,,20,,20,,,,600,5,0,400,,,,,"Earthquake Boots Deploy",,,,,"TRUE",,,,,,,,,,,,,,,,,,,,,,,,,,,,,,,,,,,,,,,,,,,,,,,,,,,,,,,,,,,,,,,,,,,,,,,,,,,,"TRUE",,
,2,,,,,,,,,,,,,,,,,,,,,,20,,40,,,,,,,,,,,,,,,,,,,,,,,,,,,,,,,,,,,,,,,,,,,,,,,,,,,,,,,,,,,,,,,,,,,,,,,,,,,,,,,,,,,,,,,,,,,,,,,
,3,,,,,,,,,,,,,,,,,,,,,,20,,60,,,,,,,,,,,,,,,,,,,,,,,,,,,,,,,,,,,,,,,,,,,,,,,,,,,,,,,,,,,,,,,,,,,,,,,,,,,,,,,,,,,,,,,,,,,,,,,
,4,,,,,,,,,,,,,,,,,,,,,,20,,70,,,,,,,,,,,,,,,,,,,,,,,,,,,,,,,,,,,,,,,,,,,,,,,,,,,,,,,,,,,,,,,,,,,,,,,,,,,,,,,,,,,,,,,,,,,,,,,
,5,,,,,,,,,,,,,,,,,,,,,,20,,80,,,,,,,,,,,,,,,,,,,,,,,,,,,,,,,,,,,,,,,,,,,,,,,,,,,,,,,,,,,,,,,,,,,,,,,,,,,,,,,,,,,,,,,,,,,,,,,
,6,,,,,,,,,,,,,,,,,,,,,,20,,90,,,,,,,,,,,,,,,,,,,,,,,,,,,,,,,,,,,,,,,,,,,,,,,,,,,,,,,,,,,,,,,,,,,,,,,,,,,,,,,,,,,,,,,,,,,,,,,
,7,,,,,,,,,,,,,,,,,,,,,,20,,100,,,,,,,,,,,,,,,,,,,,,,,,,,,,,,,,,,,,,,,,,,,,,,,,,,,,,,,,,,,,,,,,,,,,,,,,,,,,,,,,,,,,,,,,,,,,,,,
"FireBallExplosion",1,,,"TRUE",,,,,,0,300,500,,,,500,0,0,,,,,20,,,,,,600,75,0,400,,,,,"Catapult Ground Effects",,"Multi Mortar Area Effects",,,"TRUE",,,,0,,,,,,,,,,,80,"TRUE",,"FALSE","FALSE",,,,,,,,,,,,,,,,,,,,,,,,,,,,,,,,,,,,,,,,,,,,,,,,"TRUE",,,,,,,,,,,
"RageAura",1,,,"TRUE",,,,,,0,0,300,,,,1000,0,0,,,20,,,,,,,,900,4000,200,300,,,,,"GWRageAuraEffect",,"GWRageAuraEffectTop",,,"TRUE",,,,,,"TID_INFO_TARGET_TYPE_GROUND_AND_AIR",,,,,,,,,,,,,,,,,,,,,,,,,,,,,,,,,,,,,,,,,,,,,,,,,,,,,,,,,,,,,,,,,,,,,,,,
,2,,,,,,,,,,,,,,,,,,,,25,,,,,,,,,,,,,,,,,,,,,,,,,,,,,,,,,,,,,,,,,,,,,,,,,,,,,,,,,,,,,,,,,,,,,,,,,,,,,,,,,,,,,,,,,,,,,,,,,,,
,3,,,,,,,,,,,,,,,,,,,,30,,,,,,,,,,,,,,,,,,,,,,,,,,,,,,,,,,,,,,,,,,,,,,,,,,,,,,,,,,,,,,,,,,,,,,,,,,,,,,,,,,,,,,,,,,,,,,,,,,,
,4,,,,,,,,,,,,,,,,,,,,35,,,,,,,,,,,,,,,,,,,,,,,,,,,,,,,,,,,,,,,,,,,,,,,,,,,,,,,,,,,,,,,,,,,,,,,,,,,,,,,,,,,,,,,,,,,,,,,,,,,
,5,,,,,,,,,,,,,,,,,,,,40,,,,,,,,,,,,,,,,,,,,,,,,,,,,,,,,,,,,,,,,,,,,,,,,,,,,,,,,,,,,,,,,,,,,,,,,,,,,,,,,,,,,,,,,,,,,,,,,,,,
,6,,,,,,,,,,,,,,,,,,,,45,,,,,,,,,,,,,,,,,,,,,,,,,,,,,,,,,,,,,,,,,,,,,,,,,,,,,,,,,,,,,,,,,,,,,,,,,,,,,,,,,,,,,,,,,,,,,,,,,,,
,7,,,,,,,,,,,,,,,,,,,,50,,,,,,,,,,,,,,,,,,,,,,,,,,,,,,,,,,,,,,,,,,,,,,,,,,,,,,,,,,,,,,,,,,,,,,,,,,,,,,,,,,,,,,,,,,,,,,,,,,,
"QueenFreeze",1,,,"TRUE",,,,,,0,300,400,,,,,,,,,,,,,,,,,50,1,0,0,,,,,"FreezeArrowEffect",,,,,"TRUE",800,,,,,,,,,,,,,,,,,,,,,,,,,,,,,,,,,,,,,,,,,,,,,,,,,,,,,,,,,,,,,,,,,"TRUE",,,,,,,,,,,,
"ElectrifiedShield",1,,,"TRUE",,,,,,0,0,100,,,,,,,,,,,150,,,,,,350,1,0,400,,,,,,,,"Lightning Spell","ElectrifiedShieldHit","TRUE",100,,,,,,,,,,,,,,,,,,,,,,,,,,,,,,,,,,,,,,,,,,,,,,,,,,,,,,,,,,,,,,,,,,,,,,,,,,,,,
"BarbarianKingDestroyWalls",1,"TID_RAM_RIDER_ABILITY_TITLE","TID_RAM_RIDER_ABILITY_INFO","TRUE",,,,,,,0,300,,,,0,0,0,,,,,0,,,,,,200,4000,0,100,,,,,,,,,,"TRUE",,,,0,,,,,,,,,,,,,,,,,,,,,,,,,,,,,,,,,,,,,,,,,,,,,,,,,,,,,,,,,,,,,,,,,,,,,,,,"TRUE",,
"HealAura",1,,,"TRUE",,,,,,0,0,300,,,,,,,,,,,-18,,,-60,,,900,4000,200,300,,,,,"GWHealAuraEffect",,"GWHealAuraEffectTop",,"Heal spell","TRUE",,,,,,"TID_INFO_TARGET_TYPE_GROUND_AND_AIR",,,,,,,,,,,,,,,,,,,,,,,,,,,,,,,,,,,,,,,,,,,,,,,,,,,,,,,,,,,,,,,,,,,,,,,,
,2,,,,,,,,,,,,,,,,,,,,,,-21,,,,,,,,,,,,,,,,,,,,,,,,,,,,,,,,,,,,,,,,,,,,,,,,,,,,,,,,,,,,,,,,,,,,,,,,,,,,,,,,,,,,,,,,,,,,,,,,,
,3,,,,,,,,,,,,,,,,,,,,,,-24,,,,,,,,,,,,,,,,,,,,,,,,,,,,,,,,,,,,,,,,,,,,,,,,,,,,,,,,,,,,,,,,,,,,,,,,,,,,,,,,,,,,,,,,,,,,,,,,,
,4,,,,,,,,,,,,,,,,,,,,,,-30,,,,,,,,,,,,,,,,,,,,,,,,,,,,,,,,,,,,,,,,,,,,,,,,,,,,,,,,,,,,,,,,,,,,,,,,,,,,,,,,,,,,,,,,,,,,,,,,,
,5,,,,,,,,,,,,,,,,,,,,,,-36,,,,,,,,,,,,,,,,,,,,,,,,,,,,,,,,,,,,,,,,,,,,,,,,,,,,,,,,,,,,,,,,,,,,,,,,,,,,,,,,,,,,,,,,,,,,,,,,,
,6,,,,,,,,,,,,,,,,,,,,,,-42,,,,,,,,,,,,,,,,,,,,,,,,,,,,,,,,,,,,,,,,,,,,,,,,,,,,,,,,,,,,,,,,,,,,,,,,,,,,,,,,,,,,,,,,,,,,,,,,,
,7,,,,,,,,,,,,,,,,,,,,,,-45,,,,,,,,,,,,,,,,,,,,,,,,,,,,,,,,,,,,,,,,,,,,,,,,,,,,,,,,,,,,,,,,,,,,,,,,,,,,,,,,,,,,,,,,,,,,,,,,,
